Name,Structual-Continuity_Style_Prob
4empechement,0.7298700227639292
AFRUZA Khamdamova,0.5833999980154103
Aadit Bhatia,0.12657459162215534
Aaditya Dhingra,0.12229158287064076
Aakaash Meduri,0.10713906613296972
Aakash G,0.1298720497980394
Aansh Nandan Nerurkar,0.3692557935861943
Aaradhya Das,0.3942836607497232
Aarav Dengla,0.6846150768922957
Aarav Sinha,0.846807954976993
Aaravamudhan Balaji,0.18114158904093708
Aarit Kapil,0.47483468000928
Aaron Bendayan Claros,0.514207683470269
Aaron Cooper,0.8230485997413999
Aaron Jacobson,0.9102998185166372
Aaron Matthes,0.5055541228033836
Aaron Mendes,0.7668367045510388
Abdimalik Abdisalimov,0.06389706105371673
Abdulla Gadimbayli,0.9471457103842725
Abhimanyu Puranik,0.6491983636703463
Abigail Zhou,0.6318826252438713
Abtin Atakhan,0.3994603904401803
Adam Collins,0.4910896478741297
Adam Gibała,0.04031310733794013
Adam Kozak,0.25156616914071794
Adam Kujawski,0.7356177912469875
Adam Mekhane,0.43894463923130705
Adani Clarke,0.35351045320861907
Adar TARHAN,0.9743084427765789
Adham Fawzy,0.06725879923652466
Adham_Hossam2011,0.27452317862311
Adi Menahem,0.7187830799107553
Aditya Mittal,0.3344173317911063
Aditya S Samant,0.4036113452126049
Aditya Varun Gampa,0.4959151557667087
Adnan Sitnic,0.5615702568228305
Adrian Antonio Garcia Garcia,0.588727689515067
Adrian Gschnitzer,0.39767317308370637
Adrian Martinez Fernandez,0.2860183777933138
Adrian Suarez Uriel,0.2451309670335912
Adán Rios Escobar,0.07382578755058011
Aghasiyev Kamal,0.49864995687855795
Agustin Ambrogi,0.5335153275700607
Agustin Fuentes,0.43932626411394865
Ahmad Ahmadzada,0.5483905856199907
Ahmad Al khatib,0.7981033479600261
Ahmed Kandil,0.3719021743044565
Ahn Hongjin,0.13508244167598754
Aiaru Altynbek,0.6213337645432909
Airat Sadubayev,0.48064368789307316
Aisen Mestnikov,0.40031146047711275
Ajay Karthikeyan,0.030640384445009244
Akeem Brown,0.2577632970085594
Akhmedov_David,0.19924820014970016
Aksel Bu Kvaloy,0.5509868027478956
Akshay Borgaonkar,0.5442874994331699
Akylbek2021,0.20870893083874575
Al-Saffar Araz Basim,0.5667178461920507
Alain Fayard,0.05211863404933059
Alain Otero Marino,0.7059071848153533
Alain Prieto Aranguren,0.17897956995817427
Alan Morris-Suzuki,0.2723676108279906
Alan Pichot,0.1520721949817573
Alba De Lomas Busquets,0.2344446575301215
Alban alban1987@hotmail.com,0.3350163076629103
Albert Fishman,0.4527564890875701
Alberto Barp,0.33338705151296555
Alberto Fabris,0.25956520855614873
Alberto Guzman Moneo,0.09954541314528267
Alberto Martin Fuentes,0.17635471392652882
Alberto Santos Flores,0.42339665626140716
Aleexeey Sueetin,0.17318432445929344
Alejandro Castellanos Gómez,0.5640626733746483
Alejandro Castellanos Villela,0.11408301617834908
Alejandro Cosoi Scherzer,0.4935424972798428
Alejandro Cuellar Montes,0.35631355416208665
Alejandro Domingo Nunez,0.12527633869679464
Alejandro Garcia Garcia,0.10087597370025056
Alejandro González Vega,0.1251288039018265
Alejandro Pacheco,0.7395277033385819
Alejandro Uzcategui Rodriguez,0.4313052415409861
Alekhine Nouri,0.2791386589337544
Aleksa Micic,0.2181976790171905
Aleksa Petrovic,0.8217392308602023
Aleksandar Indjic,0.06387747182035891
Aleksandar Topalov,0.02990584324196398
Aleksander Hnydiuk,0.5005051703598171
Aleksander Kumala,0.5630201717193513
Aleksandr Devaev,0.03859847556485828
Aleksandr Domalchuk-Jonasson,0.0629422909185966
Aleksandr Ivanov,0.1709062837935933
Aleksandr Lenderman,0.9802205175359674
Aleksandr Rakhmanov,0.34730288084135963
Aleksandr Shimanov,0.33429957434180463
Aleksandr Usov,0.7033838404229984
Aleksandra Goryachkina,0.7101050641236226
Aleksandra Lach,0.10499285599212949
Aleksandra Maltsevskaya,0.5022091824329271
Aleksandra Tarnowska,0.31830241416746036
Aleksandras Jegorovas,0.5192157933994769
Aleksei Belov,0.8641105979781761
Aleksei Pridorozhni,0.22444082373034577
Aleksei Sarana,0.4308047231160561
Aleksey Sorokin,0.7084721691603824
Alen Yeremyan,0.5629064261391965
Alena Nikulina,0.5770121911969401
Alessandro Manzone,0.19418307822242795
Alessio Boraso,0.4278653387653035
Alex Arias Igual,0.18374006772496512
Alex Bullen,0.4845208601508437
Alex Fier,0.07646720121622334
Alex Fishbein,0.7241038596450698
Alex Garrido Outon,0.3214423217357607
Alex Goldin,0.1892600965999361
Alex Jian,0.09579194282004799
Alex King,0.6311658204169126
Alex Krstulovic,0.7396861694713778
Alex Ostrovskiy,0.8298521560925177
Alex Sahakyan,0.5593601089473583
Alex Truskavetsky,0.40714619185100515
Alex Villa Tornero,0.8832830464883547
Alex Wang,0.4820047351027017
Alexander A. Chernov,0.09718455574516421
Alexander Alexikov,0.04407295344093552
Alexander Donchenko,0.36177498601293817
Alexander Fikiet,0.3881012049593941
Alexander Gelman,0.09914700241467539
Alexander Grischuk,0.28301473778452985
Alexander Herbrig,0.6616569767607957
Alexander Hernandez Jimenez,0.21792620364908227
Alexander Jasinski,0.34273541521050915
Alexander Katz,0.7901690821940853
Alexander Khlebovich,0.8737009490929308
Alexander Khripachenko,0.6973159371348867
Alexander Mikhnenko,0.44293839903599963
Alexander Moskalenko,0.6036035296539131
Alexander Reprintsev,0.6866877265168325
Alexander Rustemov,0.39702793553783533
Alexander Spichkin,0.12930405904288458
Alexander Suvorov,0.1955352995353932
Alexander Timerkhanov,0.45789925444714485
Alexander Velikanov,0.3233648304278205
Alexander Zlatin,0.6152028562853229
Alexander Zubov,0.028160001557320735
Alexandr A Smirnov,0.4812751807425846
Alexandr Kostiukov,0.07447462814315606
Alexandr Provotorov,0.2883565603112745
Alexandr Triapishko,0.754216303077574
Alexandra Afanasieva,0.3546863223307443
Alexandra Kosteniuk,0.7648728605489661
Alexandra Obolentseva,0.07439464133005672
Alexandra Prado,0.08864526883088349
Alexandra Samaganova,0.05733030447744116
Alexandra Shvedova,0.4638859820795568
Alexandra Zherebtsova,0.0843719028186375
Alexandre Bouget,0.4280833560017238
Alexandre Qashashvili,0.765229988612093
Alexandros Papasimakopoulos,0.27030220753697454
Alexandru Calin,0.055533060075502336
Alexandru-Bogdan Banzea,0.7241044375171579
Alexei Gubajdullin,0.05343682222730119
Alexei Kornev,0.5224461776491724
Alexei Saveliev,0.10026651363162145
Alexei Shirov,0.9360934749855311
Alexey Chos,0.05675629332412724
Alexey Dreev,0.5041742337635526
Alexey Evdokimov,0.08214703519324362
Alexey Jarovinsky,0.4735121413227075
Alexey Kislinsky,0.3600375888866908
Alexey Kolmagorov,0.2089893287658508
Alexey Kornyukov,0.29090582560308215
Alexey Kovalchuk,0.46440561097682875
Alexey Reshetnikov,0.18304443599011005
Alexey Slavin,0.0346767138150943
Alexey Streltsov,0.7281706706621099
Alexey Zhuravlev,0.15070833700271652
Alfeu Junior Varela Bueno,0.3083844696969697
Alfie Onslow,0.1305252948224209
Alfonso Llorente Zaro,0.13306067779268152
Alfredo Cecilio Miserendino,0.1585842708343581
Algol Jorajuria,0.277574407091058
Ali Elier,0.6545953955960682
Ali Farahat,0.7045019668426222
Ali Mortazavi,0.019810702394542065
Ali Rastbod,0.4196750076773276
Alicja Sliwicka,0.31759443251452296
Alikhan Daulet,0.02807705405401969
Alikhan Khazhatuly,0.8238041568950292
Alikhon Avazkhonov,0.19066589849170482
Alina Kashlinskaya,0.11240900810432633
Alina Semenova,0.3405929845423733
Alireza Firouzja,0.184090470887463
Alisa Genrietta Yunker,0.6185877816206741
Aljoscha Feuerstack,0.22802681011428622
Alkhoori Eisa Mohmood,0.7958896335963044
Allahverdi Hamidov,0.775216603144092
Alma Jaqueline Mora Velasco,0.1503086447578334
Almas Rakhmatullaev,0.6367907227390006
Alon Mindlin,0.6177014314111123
Alopekos,0.6416885294718824
Altay Eynullayev,0.44000039086033593
Alua Nurman,0.23014036439541696
Alvar Alonso Rosell,0.4123371203446247
Alvaro Alves De Almeida Junior,0.7468683844743924
Alvaro Bayo,0.2874539932502513
Alvaro Blanco Fernandez,0.05674610777485569
Alvaro Donatti,0.3117618187016899
Alvaro Rodriguez,0.36931593190750794
Aman Hambleton,0.2246026615422744
Amani Alazmi,0.30595188110266125
Ameet Ghasi,0.01607518227580557
Amelia Hernandez,0.1288195887858004
Amgalantengis Enkh-Amgalan,0.18099366287676424
Amin Tabatabaei,0.19199131042305298
Amina Kairbekova,0.26139633392692646
Amir Ali Ghafourian,0.7258236553776817
Amir hosein Kashefi,0.32967208686637284
Ana Kuchava,0.08147756450862696
Anastasia Avramidou,0.041535897434684554
Anastasia Bodnaruk,0.015478696116803128
Anastasia Travkina,0.5072364923007948
Anastasiia Hnatyshyn,0.8999842507780877
Anastasios Mihailidis,0.7660660593609065
Anastassia Sinitsina,0.09562160917904243
Anatole Vlachos,0.11406780727306742
Anatoliy Emeliantsev,0.1168153836067635
Anatoliy Shapkin,0.239960314381997
Anatoly Bykhovsky,0.007781828519275119
Anatoly Donskov,0.3983580021171016
Anatoly Krutko,0.4043868368863599
Anatoly Moskvin,0.16846274146354778
Anderson Esmeraldas,0.18224751907499853
Andre Bold,0.6097316230764187
Andre Kunz,0.40624022688234496
Andre Mendez Machado,0.8625293719711967
Andreas Brenke,0.638459595144379
Andreas Mende,0.06143061840967666
Andreas Skotheim,0.3802179041505928
Andrei Belozerov,0.31183658173000506
Andrei Ioan Trifan,0.6076131077898262
Andrei Macovei,0.46526383023806905
Andrei Negrean,0.8233590090841056
Andrei Olhovik,0.40288693629858274
Andrei Purygin,0.928480286613604
Andrei Shishkov,0.8389737666736343
Andrei Skvortsov,0.6747008644030823
Andrei-Mihai Bonte,0.4222732088600356
Andrej,0.05068889146109497
Andres Carrasco Miranda,0.21341478556815208
Andres Ferriz Barrios,0.38142989903785735
Andrew Green,0.07598654188804768
Andrew Hong,0.34184737343371613
Andrew Jing,0.08368154826025459
Andrew Tang,0.22885719635026117
Andrew Titus,0.8923410593861909
Andrew Wu,0.5336771743851215
Andrey Drygalov,0.47429755934121565
Andrey Esipenko,0.30562392409691086
Andrey Gonzalez Zharikov,0.7142345506190041
Andrey Gorovets,0.05517931193785872
Andrey Ivanov,0.1087560321002905
Andrey Klymchuk,0.3505504075478475
Andrey Levitskiy,0.9606200552929
Andrey Marcelo Souza Neves,0.4697886704185656
Andrey Rychagov,0.1280818473120844
Andrey Tsvetkov,0.20133306470216458
Andrii Palchuk,0.38552287654238065
Andrii Vachylia,0.08170694073156529
Andriy Diachek,0.6590213348035654
Andriy Prydun,0.3639810500509705
Andrzej Krzywda,0.43729955720306324
Andrés Delgado,0.5613609429352183
Andy Woodward,0.25771200848752407
Angel Gabriel Cordoba Roa,0.7899916885000837
Angie Garcia,0.5099773054536864
Anil Berk Erdogan,0.5783766371991126
Anish Giri,0.08813299573115677
Ankush Khandelwal,0.4372623557115123
Anna Cramling,0.403539054674708
Anna Jakubowska,0.4644696924552492
Anna Kubicka,0.27986494414399415
Anna M. Sargsyan,0.6165023154811802
Anna Shukhman,0.9597873181591453
Anna-Maja Kazarian,0.8228334371328654
Anthony Atanasov,0.8500135297775657
Anthony Wirig,0.45220566556481023
Antoine Bournel,0.10688279056956054
Anton Barash,0.28079558677982186
Anton Demchenko,0.14760037875825724
Anton Isajevsky,0.08928086729540914
Anton Karpenko,0.5175801084638583
Anton Korobov,0.11811528221893748
Anton Vasilenok,0.3477101263599514
Antoni Kozak,0.3279450460612237
Antoni Szustakowski,0.09314029598746516
Antonin Ferey,0.04323060600056604
Antonio Arencibia,0.5282195972637153
Antonio Carlos Bambino Filho,0.047110492164379285
Antonio Lopez Del Alamo,0.052011011838774254
Antonio Naranjo Moreno,0.5895482702977357
Antonio Pedro Freixial Vasques,0.2690233101797041
Antonio Ruperez Benito,0.8662850419907022
Antonios Gkavardinas,0.9715803477602188
Anusha Subramanian,0.7911518087383964
Anysia Thomas,0.2939186030213987
ApacheSVD,0.5281064539269631
Apoorv Kamble,0.5991304484434513
AradNazari,0.778309388551437
Aradhya Garg,0.8725543529189682
Aram Hakobyan,0.4743084792731784
Aran Köhler,0.1960780230456206
Arash Tahbaz,0.06004283093875481
Aravindh Chithambaram,0.2757386730264595
Aref Vasli,0.1171464672895661
Ari Guz,0.5018635101570519
Ari Kiremitciyan,0.37498693324112436
Arian Baradaran Tamadon,0.23148354865753143
Ariel Nicolas Tokman,0.05890225693775032
Arina Kiseleva,0.2952331028261807
Arjun Adireddy,0.7529369449050367
Arjun Erigaisi,0.16074894775505075
Arman Erzhanov,0.08198892687267002
Arman Geivondian,0.8191192801880481
Arman Ghevondyan,0.49223301188119734
Arman Mikaelyan,0.6047023520119389
Armin Kekic,0.20016970231301873
Armin Mušović,0.9414323481196473
Arnaldo Jesus Fernandez De La Vara Mulet,0.15589962821574918
Arnold Essing,0.7676092630805089
Arnold Mayeregger,0.0814403415979525
Aron Pasti,0.8376406557079935
Arsal Gardezi,0.33199630730657637
Arsene Kukhmazov,0.43884170803915445
Arseniy Astafurov,0.3717087806550052
Arseniy Nesterov,0.5336584337935394
Arseny Alavkin,0.25466894313847616
Artak Manukyan,0.7240495496666084
Artem Alek Fedorov,0.9184439121147759
Artem Bardyk,0.9838294587740141
Artem Chernobay,0.06037309421856509
Artem Dyachuk,0.6676341249224489
Artem Galaktionov,0.01332216204578735
Artem Gulevich,0.4172674014057649
Artem Koval,0.6350042883630528
Artem Legenya,0.092549441506427
Artem Omelja,0.29602107913053066
Artem Sadovsky,0.18355304856336185
Artem Timofeev,0.36709446662950473
Artemii Khanbutaev,0.28838634497608073
Artemiki Lebedev,0.9803095141385917
Artemy Gogolev,0.5921752471519676
Arthur De Winter,0.6744575790597296
Arthur Lucas,0.10154734720453004
Arthur Muromtsev,0.36492420440968826
Arthur Olinto de Souza,0.17796691436283418
Artin Ashraf,0.21444766738994064
Artiom Samsonkin,0.9882803875057382
Artiom Stribuk,0.34626395187608466
Artur Dilmukhametov,0.14415674593728153
Artur Gabrielian,0.4658972535823209
Artur Tin Lun Dai Lima,0.2142933624373679
Artyom Bogdanov,0.5625676204123362
Artyom Manukyan,0.26576323765021714
Arush Chitre,0.11827034928328481
Arvids Andrejevs,0.9385152890385651
Arvind Jayaraman,0.14479715539621316
Aryan Tari,0.9393232859880307
Arystanbek Urazayev,0.8572170896529181
Asa Hoffmann,0.07149655870880631
Ashot Nadanian,0.9597093313978069
Ashritha Eswaran,0.6323125748793855
Asish Panda,0.6249552271428754
Aslan Aitbayev,0.6482255625313227
Assel Lesbekova,0.43082105938142573
Assel Serikbay,0.4060612585857542
Aswath S,0.2723391161705279
Asylbek Abdyjapar,0.1655144422005545
Atanas Dimitrov,0.07010273422886468
Atilla Eynullayev,0.3811023036006832
Atousa Pourkashiyan,0.8003473563082375
Attila Jr. Forgacs,0.4357786208853561
Attila Turzo,0.15171612360357598
Augustin Droin,0.49957261673116793
Augustinas Bazilius,0.5968584315341141
Aung Thant Zin,0.30456165783853767
Aurelio Vila Dupla,0.08978090399390318
Austin Mei,0.26558363671336094
Avi Kaplan,0.35606315888461043
Avital Boruchovsky,0.7039081407954246
Axel Bachmann,0.16926784384078233
Axel Delorme,0.493254181420179
Ayan Allahverdiyeva,0.6336410025612926
Aydin Suleymanli,0.18280394897521451
Aydin Turgut,0.4107790338357377
Ayrat Vafin,0.3019854358583567
Azer Mirzoev,0.12385622971939059
Aziz Degenbaev,0.24713287361651987
BOZNENA PIDDUBNA,0.6040586153718503
Baadur Jobava,0.4168096847087671
Babageldi Annaberdiyev,0.2703686724173287
Bach Ngoc Thuy Duong,0.13721020556196523
Bahadir Ozen,0.030077031513448697
Bahadur Khodzhamkuliev,0.06958134137305567
Baira Kovanova,0.13940657262746045
Bakhtiyar Askarov,0.04753752561931379
Bakhtiyar Nugumanov,0.20999983068886602
Balaji Daggupati,0.9700910321573781
Balázs Csonka,0.9217529897192878
Bao Nghia Dong,0.380898443998523
Barad Yeganegi,0.5345597692583933
Barbara Skuhala,0.5129449862024194
Bardiya Daneshvar,0.01632611109066783
Barnabas Kovacsy,0.7350347159396664
Bartosz Przybylski,0.40278585543110224
Batuhan Özen,0.0777045931254743
Bayastan Sydykov,0.5797106434035602
Beksultan Moldagali,0.9678267170873275
Belka1989,0.03443127748912346
Ben Finegold,0.2122658116085685
Ben Johnson,0.23261751223078836
Bence Pribelszky,0.3780405180975249
Benedikt Dauner,0.22115484583574058
Benedikt Huber,0.19345536152165163
Benik Agasarov,0.943339192552435
Benjamin Bok,0.3648917552966693
Benny Aizenberg,0.36099936357654017
Bernardo Vainzoff Sztokbant,0.6222196893834753
Bharath Subramaniyam.H Harishankkar,0.5571721502932452
Bianka Havanecz,0.4922141023367147
Bibisara Assaubayeva,0.20676003593664016
BikingBrian,0.04908627107788796
Bilel Bellahcene,0.3020217628417694
Bintang Rasyid,0.7978674383107414
Björn Andersson,0.30853987732773946
Blanka Ejsymont,0.29508697607508416
Blaz Bratovic,0.39363512618103413
Blazej Grot,0.37046560952859375
BobbyFischer1508,0.047737921212533514
Bobur Sattarov,0.39301342032461184
Bogdan Belyakov,0.7656470116923839
Bogdan Daniel Deac,0.4361190157892212
Bogusz Piliczewski,0.2809798867435395
Bojan Maksimović,0.16809075460464348
Bojan Todorovic,0.049912877046386736
Boris Bruned,0.09810213300699341
Boris Ferrufino,0.15639032497072053
Boris Grachev,0.8264530556513942
Boris Savchenko,0.4630389942358706
Boris Stankovic,0.22530569861228766
Bovie Mei Liu,0.40615035160264695
BozeKat,0.09084497923454951
Brahian Diaz Herquinio,0.5479510055751076
Brandon Jacobson,0.3291374108909065
Brett Passen,0.1174610551266265
Brewington Hardaway,0.5502238380562454
Bruno André Leite Martins,0.4224221623282382
Bruno Morado Rodrigues,0.5335479282346433
Bryan Enming Lin,0.5309110401738972
Bryan Weisz,0.5993795330283452
Bryan Xie,0.23056422352258207
Bulat Mirzanurov,0.21906119019953718
Burak Firat,0.1673777089690872
Burak Ozalp,0.0854206449242767
Buyankhishig Batpelden,0.1753807570906375
Byambaa Uyanga,0.18467992185832793
CAMPO ELIAS GUZMAN,0.06805033535063967
Caio Poeta,0.6748948385468359
Caleb Levi,0.9493032869361591
Calin Gheorghiu,0.5075099023737069
Camilo Corredor Castellanos,0.03336629895326283
Carles Martín Barceló,0.3305948868764503
Carlos Alberto Gallegos Diaz,0.03813644563068756
Carlos Alvarado,0.14398359738565195
Carlos Andres Obregón,0.040072505916934245
Carlos Andres Perdomo,0.18279593467843416
Carlos Daniel Albornoz Cabrera,0.28434993683484927
Carlos Eduardo Cardozo Munar,0.3360287583308718
Carlos Martins,0.4383286071252093
Carlos Morales,0.3639852372689343
CarlosjPineror,0.034715752783220755
Casper Liu,0.35221297598600954
Cedric Chassard,0.5775310309785633
Cem Kaan Gokerkan,0.9784978275053746
Cengiz Hasman,0.030770629778550607
Cervantes Landeiro Thalia,0.3969489430588642
Cesar Ugarte,0.12635535867912318
Chamal Gedgaf,0.045960697667194926
Chanchal Kumer Ghosh,0.647297278821845
Charles Storey,0.39459359686349016
Chelsie Monica Ignesias Sihite,0.12309495334352136
Cherry Ann Mejia,0.5471235894211027
Chesswizard_2007,0.1600797599102058
ChessyInstinct,0.712800645155428
Chris Baker,0.23579943220523222
Chris L Chambers,0.38038659654797347
Christian Almeida do Nascimento,0.6634031228953363
Christian Gian Karlo Arca,0.06668161608328933
Christian Koepke,0.9620281200858691
Christian Polster,0.1554547111987386
Christian Silvestre,0.054130863967142194
Christian Stevens,0.3187876150281033
Christiansen Sava,0.13508762935183538
Christof Sielecki,0.6340087468573485
Christopher Chabris,0.31207703448535734
Christopher Guzman,0.5138790961200196
Christopher Pace,0.26255442891151454
Christopher Woojin Yoo,0.9677413605228888
Christos Krallis,0.6531860261146509
Cindy Qiao,0.4016719558028815
Claudius Gottstein,0.7504693806987621
Clemens Rietze,0.3316151535192308
Clement Cristian Daianu,0.6708203218297697
Coachpoker,0.7092313168488835
Collin Colbow,0.5931294759794649
Colombiano07,0.39710707535368883
Conrad Holt,0.7790560611277654
Conrad Thake,0.04688004656560306
Cptn2,0.41312908732952913
Craig Clawitter,0.8230442284336388
Cristhian Montero,0.08437479454848677
Cristhian Portal,0.3097884400647771
Cristi Machidon,0.23501307128030202
Cristian Adrian Dolezal,0.15378859621736654
Cristian Robledo,0.16716769791427138
Cristian Sanhueza,0.8102001215660304
Cristian Silva Lucena,0.22527771458323373
Cristiano G Souza,0.14836308696792477
Cristobal Henriquez,0.03315822323528914
Cumali Unver,0.10907934486045985
Cyrielle Monpeurt,0.5295754076773422
César Augusto Blanco Gramajo,0.06116132894508384
Dachey Lin,0.34569533440330985
Dalton Perrine,0.22532223684577307
Damian Lewtak,0.1817565891476037
Damian Śliwicki,0.7974690856933624
Damir Ismagilov,0.0771096315554459
Dan Herman,0.4028683923461787
Dan Shapiro,0.06520280373975942
Dana Tuleyeva-Aketayeva,0.1301628303574735
Daniel Aguiar De Sousa,0.03297622729382787
Daniel Barria,0.14374888721494897
Daniel Beniosev,0.0677182759045807
Daniel Centron Antuna,0.7314964187548488
Daniel Chan,0.6739039941284897
Daniel Cremisi,0.47750190644186874
Daniel Dardha,0.6908098305648218
Daniel Garcia Ramos,0.7789459210634829
Daniel Girsh,0.3524829992889925
Daniel Gormally,0.17491056614387132
Daniel Gutiérrez Olivares,0.0480547848264303
Daniel Kopylov,0.3950781436892163
Daniel Marcolino,0.449298328985866
Daniel Melamed,0.5364818538212036
Daniel Naroditsky,0.7339348059361579
Daniel Pinto,0.1277363230052993
Daniel Rangel,0.0766928461667278
Daniel Ser,0.19747966512373202
Daniel Taboas Rodriguez,0.09605536768157506
Daniel Tabuenca Mendataurigoitia,0.030090923421805603
Daniel Teidi Awoki,0.7507653967638634
Daniel Titichoca Daza,0.06607478316823558
Daniel Yedidia,0.1802425571107042
Daniil Dubov,0.46902680199416924
Daniil Lintchevski,0.9899608353548031
Daniil Manelyuk,0.5252960420242989
Daniil Plyasunov,0.9683942023501213
Danila Bilan,0.7376838155887155
Danila Poliannikov,0.11776091487697311
Dantelle Joubert,0.12306442008645793
Danyyil Dvirnyy,0.29831629123022096
Daouda Ethmane,0.03845515930937375
Daria Yurasova,0.24750151530869516
Daria Zaichenko,0.6149849591501728
Darius Viškelis,0.9247123366156236
Dariusz Bieliński,0.1526889785752556
Dariusz Swiercz,0.3282485473656604
Darko R Mitrovic,0.23995485201545966
Darvi Abraham Crispin Ferreras,0.2224321771576277
Dashgyn Ibadov,0.8874878699376822
Davi Sulzbacher,0.24820418062867594
David Alexandru,0.21752845296526363
David Anton Guijarro,0.19465667851672394
David Bernat,0.036818662558197476
David Blanco Diez,0.20219197551395524
David Brodsky,0.7857148502170535
David Gasparyan,0.26256132255303993
David Gavrilescu,0.9119231940649113
David George Samir,0.6784011174804551
David Gorodetzky,0.4096481443996737
David Haydon,0.5958866040931905
David Howell,0.28519009051963906
David Kalashian,0.196597007225489
David Levine,0.16323400710060637
David Martinez,0.5534516244752068
David Navara,0.9722144820873098
David Okike,0.2822574051372582
David Paravyan,0.9880069907428698
David Rodríguez López,0.3528487461626295
David Sh. Gevorgyan,0.03552331293590012
David Shapiro,0.894520894767752
David Temirkanov,0.31727000503578645
David Torres Domínguez,0.5695767149048493
David Zakarian,0.04718441627438413
David Zhurbinsky,0.855239047083568
Davis Zong,0.3791281109941071
Dawid Czerw,0.25225091525644394
Dawid Janaszak,0.4078600947663552
Dawid Niekraś,0.5658897899960433
De Silva L.M.S.T,0.2681370832054097
Deepak Aaron,0.7142107901190721
Deepweb2020,0.08145503351878464
Dejan Djordjevic,0.08041133585305804
Dejan Jakovljevic,0.3095922217927941
Dejan Tasev,0.1356608110299851
Denes Boros,0.7958602186020889
Deniel Causo,0.9173069809479735
Deniel Safarov,0.7922941305049483
Denis Garrido,0.20184085543146696
Denis Khismatullin,0.621543437517101
Denis Kovalev,0.5048186482700816
Denis Kozlov,0.8329881230729678
Denis Lazavik,0.221398731954677
Denis Makhnev,0.13397837374863997
Denis Pershin,0.4005535556961399
Deniz Arman,0.9519704992744005
Dennis Wagner,0.6812671351417432
Derek Wu,0.7928043739124819
Derlei Alex Florianovitz,0.6464252368700574
Dev Shah,0.26518424212132385
Devina Devagharan,0.505047742742734
Devindya Oshini Gunawardhana,0.22330190157694493
Dewar B. Feliz Dotel,0.45671789508562705
Deysi Cori,0.4952965080480178
Diana Mirza,0.11934403882301466
Diana Preobrazhenskaya,0.7561410463792942
Diego Adla,0.34316857853779104
Diego Berardino,0.4350196868097537
Diego Carbone,0.2930793260904669
Diego Flores Quillas,0.5165228314311866
Diego Garcia,0.02507372417234518
Diego Zilleruelo,0.7323335434966531
Dila Baloglu,0.5541163878234965
Dimitar Mardov,0.4647461419541227
Dimitrios Vazelakis,0.16901613417956418
Dimitris Alexakis,0.3587358966430133
Dimitris Makridis,0.8526716843363369
Dina Belenkaya,0.3240011882789832
Dinara Wagner,0.17714154569145873
Dinesh Rajan M,0.7315192435689946
Diogo Duarte Guimaraes,0.7695728718300164
Dion Krivenko,0.055647286944361704
Dion Su,0.22853513552699609
Dirk Troltenier,0.6606988642276094
Djuro Skaric,0.052567123411064655
Dmitrii Marcziter,0.19582445767825782
Dmitrij Kollars,0.4449633306891922
Dmitrij Skurikhin,0.2284801561609195
Dmitriy Bocharov,0.027397167416944597
Dmitriy Kushko,0.03334622651332971
Dmitry Andreikin,0.474493317950074
Dmitry Frolyanov,0.48540487301493174
Dmitry Gordievsky,0.12883029398995724
Dmitry Gurevich,0.09770532047315292
Dmitry Kirillov,0.6894090820823982
Dmitry Kononenko,0.8331090201422283
Dmitry Kryakvin,0.4347414264318347
Dmitry MIschuk,0.7432272553722229
Dmitry Maximov,0.2616254173276165
Dmitry Minko,0.7768748025507441
Dmitry Petukhov,0.8687381785781669
Dmitry Ponomarev,0.9644179250969366
Dmitry Rostovtsev,0.1835479735320994
Dmitry Semenenko,0.7667993778561366
Dmitry Sumaneev,0.04441644445039921
Dmitry Tatarinov,0.22705146782668145
Dmitry Vyatkin,0.14110271025741508
Dmitry Zacurdajev,0.598368298289138
Dmitry Zenin,0.01605819942468759
Dobre Claudiu Cristian,0.1908145800153859
Dolzhykova Kateryna,0.2853615653697738
Domantas Klimciauskas,0.1095070837731897
Dominick Orzech,0.05246880608371137
Dominik Horvath,0.4774628614046101
Dominik Marczuk,0.063554099439512
Dominique Myers,0.35536507337669293
Donát Daróczi,0.030873512212177805
Dorian Kang,0.3193191427436707
DrMamaliga,0.07555367820719974
Dragan Popadic,0.042063097001747596
Dragomirescu Robin,0.19387161456397695
Dragos Ceres,0.2516882013413273
Duc Minh Lai,0.11522454012537431
Dumitru-Daniel Dinu,0.7336699894628547
Dushyant Sharma,0.9041010316786225
Dávid Haszon De,0.5998870461519108
EREBUNI91,0.7786186936933508
Edgar Hayrapetyan,0.2598508244165712
Edgard Vinicius Zanette,0.07186605332912868
Edgardo J. Almedina Ortiz,0.07110662665569877
Ediz Gürel,0.9649015226476013
Edmund C Player,0.17394410554264841
Eduard Ashiev,0.15469281612874286
Eduard Kanter,0.12884569371351884
Eduardo Barbosa Mesquita,0.5356495625166402
Eduardo Iturrizaga Bonelli,0.06153010527914138
Eduardo Marra,0.11154075576304631
Eduardo Mendez Fortes,0.5510166566338508
Eduardo Muzzi,0.5943401022091639
Eduardo Peralta,0.03988444697796636
Edvin Trost,0.42832140138977837
Eelke De Boer,0.7687507535228045
Eesha Karavade,0.2589210374290395
Egor Baskakov,0.6237483963809549
Egor Bykov,0.4580023712408387
Egor Koshulyan,0.561967975148758
Egor Kurchenko,0.48341189105943777
Egor Lashkin,0.3111030096251707
Eivind Grunt Kreken,0.26635214850796374
Ekaterina Borisova,0.18597773220079147
Ekaterina Goltseva,0.43842795381564575
Ekaterina Miroshnik,0.06354587831044749
Ekaterini Pavlidou,0.13699537685109756
Eldiar Orozbaev,0.9597025137872652
Elham Amar,0.9445577771039482
Elijah Logozar,0.6676768958193884
Eline Roebers,0.09007114806047509
Elis Denele Dicen,0.6377338474253597
Elliott Winslow,0.0511560791671406
Elnaz Kaliakhmet,0.5679883576075626
Elnur Aliyev,0.9656545772829561
Eltaj Safarli,0.879696714323833
Elvin Wilson,0.04282816943934725
Emanuel Vaglio,0.7893453411720817
Emerson Veiga,0.40517889918881755
Emilia Dyalog,0.11460741284752478
Emilia Sprzęczka,0.6443516194334524
Emilia Zavivaeva,0.6697238127436066
Emilio Cordova,0.19807506529203828
Emilio Hernandez,0.10656085537675834
Emin Ohanyan,0.8967214374080152
Emre Mecit,0.639033594626036
Enes Tanriverdi,0.14978489157170025
Enkhrii Enkh-Amgalan,0.21659146705245064
Enrico Vianello,0.054994562871175226
Enrique Butti,0.16158927921583205
Enrique Fernando Asensio Ramos,0.2734939769096818
Enrique Fonseca Manrique,0.08670089279314466
Enrique Tejedor Fuente,0.7383898196646156
Enzo Federzoni,0.3543647581544531
Enzo Ferrara,0.1292675714178348
Eray Kilic,0.9112523330467299
Erez Kupervaser,0.33247449040477167
Eric Hansen,0.11360533801122222
Eric Hon,0.21965702568259493
Eric Liu,0.10187377411339457
Eric Rosen,0.5094799786961169
Erick Zhao,0.6698645402770278
Erik Blomqvist,0.5879990694867502
Erik Golubovic,0.22791509298012694
Erik Rönkä,0.3778609107716455
Erik van den Dikkenberg,0.02762086329984557
Ermes Espinosa Veloz,0.6665214579683696
Ernesto Javier Fernandez Guillen,0.8919115680783319
Ernesto Real de  Azua,0.34481056202436394
Ervin Ozkan,0.6248457188764742
Erzhan Zhakshylykov,0.3981742215714312
Esper Van Baar,0.6893207484646732
Ethan Saya,0.8513407552527635
Ethan Sheehan,0.456217913609521
Etienne Bacrot,0.45460117062777006
Ettore Stromboli,0.7509068293609025
Eugene Yanayt,0.08173044212255355
Eugenia Karas,0.9243327084808268
Evan Ai,0.3576063728500127
Evan Rabin,0.7728083321460103
Evan S. Rosenberg,0.5634702832271996
Evandro Amorim Barbosa,0.4685325962250264
Evelina Zavivaeva,0.23969032127211437
Evgeni Krasilnikov,0.37849717576894704
Evgenij Kretov,0.0912043836324838
Evgenij Novikov,0.31185277113452975
Evgenij Shuvalov,0.34565526606763763
Evgenios Ioannidis,0.4237867947387777
Evgeniy Najer,0.6067566971553655
Evgeniya Doluhanova,0.3615791242526375
Evgeny Alekseev,0.284894165634041
Evgeny Degtiarev,0.3940015373491403
Evgeny Egorov,0.47654445283790203
Evgeny Ermolaev,0.22961533088869848
Evgeny Melikhov,0.2551062567639123
Evgeny Postny,0.655424853120284
Evsuld Myagmarsuren,0.6898989963332837
Ewa Barwinska,0.47179986098768784
Eyal Noy,0.23256595341901104
Eytan Rozen,0.3012977091207252
FAUSTO CASTELLA GARCIA,0.6932160112808397
Fabian Fiorito,0.16823636863046373
Fabian Vivas,0.795304845657083
Fabiano Caruana,0.047235776328918386
Fabio Colonetti,0.25806995513323183
Facundo Vazquez,0.5846725609031794
Farid Mustafayev,0.3588836075838546
Farid Orujov,0.8972310806228713
Farzad Bolourchifard,0.0967488350674405
Faustino Oro,0.38530260516416737
Federico Perez Ponsa,0.7557989889970222
Federico Sellitti,0.5334014490785997
Felix Hindermann,0.2995479996590077
Felix Ilinca,0.38366772447734293
Felix Kuznetsov,0.8387264136552123
Felix Meissner,0.3062466378214256
Felix Rose,0.5991659522475076
Ferenc Jr. Gombocz,0.22277000290096236
Fernando Bolaños Soza,0.040303368827047374
Fernando Broca,0.09239388708117312
Fernando Díaz,0.33347684542718276
Fernando López Gracia,0.06097030225571415
Fernando Mata,0.9267032593680028
Fernando Valenzuela,0.8119882532500631
Fidel Corrales Jimenez,0.6514405704145678
Filip Boe Olsen,0.7330247255083467
Filip Dowgird,0.041591680126604025
Filip Haring,0.2510178526435761
Filip Ochedzan,0.13884215356424603
Flavio Wisniacki,0.08050356860527894
Florescu Codrut Constantin,0.10143304573539706
Florian Gatterer,0.14660894222807166
Florian Jenni,0.41437334246583896
Floryan Eugene,0.07514149829583458
Flávio Bezerra,0.09638271659538364
Francesco Bettalli,0.42402402064634315
Francesco Sonis,0.0344079512382505
Francisco Ferrari Pironti,0.3392884820369294
Francisco Fiorito,0.07957957267783847
Francisco Javier Muñoz,0.439515355559198
Francisco Orantes Taboada,0.7128012497241301
Francisco Silva Gonzalez,0.11046307998288019
Franciszek Sernecki,0.6463065618424667
Franck Steenbekkers,0.15844914634597862
Franco Manteiga,0.18789360721494636
Frank Buchenau,0.5434950964319938
Frankie Badacsonyi,0.2722699104650308
Frederick Waldhausen Gordon,0.06106205036784755
Frederico Matsuura,0.17063716104735124
Frederik Svane,0.48093081045335495
Frode Elsness,0.8311991547667429
Fruzsina Szente-Varga,0.2934646956856973
Fy Antenaina Rakotomaharo,0.46885979343010425
GERARDO MARIN,0.07381983668610566
GIRINATH PDS,0.506215811965812
Gabor Nagy,0.6273082409844056
Gabriel Carckeno Do Carmo,0.06814130669616263
Gabriel Gonzaga Garcia,0.8701508039539837
Gabriel Gähwiler,0.026807891628045616
Gabriel Lenoir,0.13229621554598192
Gabriel Petesch,0.2632083489293639
Gabriel Voiteanu,0.21671316009676697
Gahan MG,0.771403001870542
Gaioz Nigalidze,0.09485091658652288
Galina Novikova,0.7976241819643223
Gara Balajaev,0.07362123253785709
Garnik Nersesyan,0.41139709679223674
Garrett Smith,0.04487481003381441
Garv Gaur,0.4329798224483195
Gary Leschinsky,0.06234741253078713
Gasan Guliev,0.630377054583678
Gastón Martin,0.1374153368043959
Gata Kamsky,0.034409282295391905
Gaurang Bagwe,0.6279571631932388
Gawain Maroroa Jones,0.42162454288295315
Gellert Karacsonyi,0.9728108620783665
Gennady Kozlov,0.20102905765383294
Geordie Derraugh,0.537031402589411
Georg Seul,0.12538444440324498
Georg Von Buelow,0.18540884850615594
George Danzer,0.3004125827479953
George Stoleriu,0.39943502684182147
Georgi Orlov,0.08687643949519831
Georgijs Germanovs,0.7572382578538341
Georgios Alexandros Kouskoutis,0.1570569565622108
Georgios Kanakaris,0.2978169801556982
Georgios Souleidis,0.05059766858409539
Gerardo Antonio Gracia Alvarez,0.1873253759231236
Gerardo Fernandez,0.07945805153939782
Gergana Peycheva,0.3462854207990952
German Bazeev,0.04496923897464496
German Spata,0.41902083076840135
Germán Della Morte,0.18108760562843768
Gerodot71,0.048436191041884555
Gerson Príncipe,0.12746845051136502
Gevorg Harutjunyan,0.9692989194901479
Gianmarco Leiva,0.5417816073830481
Giannis Kalogeris,0.18085299477107233
Giga Quparadze,0.5050863371982784
Gil Popilski,0.5388187584717408
Gilbert Elroy Tarigan,0.6256598056476277
Giorgio Belli,0.4043031081170717
Giovanna Arbunic Castro,0.0609420385024811
Giovanni B Tavares Da Silva,0.2530078534525376
Giovanni Marchesich,0.09278900501510126
Girish Koushik,0.49890569039058796
Gisela Roque Sola,0.05045803265172137
Giulia Sala,0.07148394138664423
Gizem Olcayoz,0.08381300220639154
Glaucio Cella,0.9508085646055019
Gleb Dudin,0.06935459482936221
Glek_Igor,0.32871091177189876
Gloomy_Wanderer,0.2695332115196457
Gnel Melikyan,0.25348848473861507
Goltsev Dmitry,0.8998490914080929
Gonzalo Navarrete,0.9767693554845206
Graham Horobetz,0.34713842861537214
Grayson Rorrer,0.42726709762422627
Greg Shahade,0.8768230647939605
Grigor Dilanyan,0.3313714090887808
Grigor Grigorov,0.502345011217232
Grigoriy Oparin,0.18806357748332828
Grigoriy Sharankov,0.7084066479494171
Grigory Seletsky,0.09648577784368224
Grzegorz Kopacz,0.10436263544675632
Grzegorz Nasuta,0.2465435783310986
Grzegorz Toczek,0.2283436545644685
Guadalupe Montano Vicente,0.05041990071793262
Guerau Masague Artero,0.07005051934009333
Guillermo Baches Garcia,0.6391349271724607
Guillermo José Llanos,0.2220729650480918
Gukesh D,0.38728615794671073
Guliskhan Nakhbayeva,0.2987755246396911
Gulrukhbegim Tokhirjonova,0.44472393896558515
Gumersindo Fernandez Garcia,0.470781240010686
Gunay Mammadzada,0.348814307661262
Gunnar Lund,0.12322883050706243
Gustavo Eduardo Nunez V,0.27585946292975605
Gustavo Horokoski De Souza,0.030549300000952996
Gyula Pap,0.4609829415222122
HRVOJE FAJDETIĆ,0.22830272082686057
Haik Martirosyan,0.07393944489135743
Hajiyev Kanan,0.34586316569570974
Halldor Gretar Einarsson,0.07187039794650268
Halsagar Chincholimath,0.6031601674063888
Hamed Wafa,0.5518448328414307
Hamidreza Ebrahimi Herab,0.7233182958431117
Hampus Sorensen,0.09814188076790002
Han Schut,0.6979264644609245
Hanna Wesołowska,0.12419435985215022
Hans Niemann,0.10903957325682508
Haowen Xue,0.6904181058197889
Harald Schmidt,0.1991050551020669
Harika Dronavalli,0.6033243404820436
Harold Wanyama,0.09480841537555429
Harry Cun,0.6732828012388851
Harry Grieve,0.2736377397688862
Harsha Bharathakoti,0.161487746598207
Harshavardhan GB,0.22088799218899
Harshin Reddy Jagirapu,0.5194587718155109
Hasan Atis,0.33294823896543324
Havard Haug,0.9291286354513086
Hayk Yeritsyan,0.09981127585961834
HeartAblaze,0.9147134807698489
Heinz Georg,0.11825213945185423
Henning Holinka,0.2585077276615194
Henrik Cernov,0.8148395917287525
Henrique Barbosa Veloso,0.4541502369099154
Henrique M A Albergaria Paiva,0.3102543610878981
Henry Deng,0.6198339159760595
Henry Roger Lopez,0.040246651061004744
Henryk Seifert,0.30948217209622
Hernan Ramon Filgueira,0.05071575063759889
Hikaru Nakamura,0.031619792550821174
Hoang Thi Bao Tram,0.08915552936623647
Hong Anh Nguyen,0.6998838888084675
Hovik Hayrapetyan,0.6953236058017882
Hrant Melkumyan,0.3205901253284885
Hubert Zieba,0.47199092166650214
Hugo Guillemette,0.30792254023384386
Hugo Wernberg,0.20726811518032212
Hui Li,0.8206151841017064
Humberto L. Blanco Ronquillo,0.4948259563165113
Huseyin Said Deveci,0.2913570076038237
Héctor Elissalt Cardenas,0.13674606876104772
IULIAN NECULA,0.06342674156588099
Ian Dzhumagaliev,0.44669904375204716
Ian Harris,0.5038845703708956
Ian Nepomniachtchi,0.574972860111791
Ian Ocampos,0.5132632560405911
Ieuan Ward,0.12252017009291698
Ignacio Gago,0.4593777369529777
Ignacio Sainz Aguirre,0.06642810656728033
Igor Bjelobrk,0.09047169399241388
Igor Da Paz Palácio,0.03407969713585727
Igor Gulkov,0.08388618687797092
Igor Janik,0.06347773572493944
Igor Kovalenko,0.14036758216325423
Igor L. Vakhlamov,0.8984312957988008
Igor Lutz,0.04963509813706179
Igor Lysyj,0.4601515708186036
Igor Miladinovic,0.8322993092304045
Igor Vershinin,0.3147945974770062
Igor Wilk,0.4608977698968088
Ihor Samunenkov,0.679774461205024
Ihor Vypkhaniuk,0.22615513685105468
Ilamparthi A R,0.32865861800564583
Ilan Schnaider,0.9561253681723088
Ilan Vardi,0.014080930152826871
Ildar Idrisov,0.39179348658896523
Ilija Stanojevic,0.39718573510215355
Ilja Biriukov,0.05701317214498758
Ilja Haitin,0.5206415146608132
Ilja Sirosh,0.7739832967412331
Iljya Grigorjev,0.8498749155271328
Ilya Gruzman,0.06663236784974746
Ilya Gutkin,0.23330465469906697
Ilya Khakhinov,0.19660652539988085
Ilyass Msellek,0.20519428602779066
In Hei Henry Ho,0.1470437298642005
In Vau,0.2850626467220543
Inayat Bolat,0.7990043241039803
Ind1anStar-inactive,0.17917185317103504
IndianGrandmaster13,0.7045256749035189
Indy Southcott-Moyers,0.7291298695650665
Inigo Riveiro,0.2050285261277968
Iniyan P,0.07649899983621836
Ioan Rees,0.29180875394808764
Irene Sukandar,0.5031003933375615
Irina Bulmaga,0.1291028521140464
Irina Mikhaylova,0.3050549101250224
Irina Petrova,0.4084114567576645
Isaac Chiu,0.1641397724214364
Isaak Parpiev,0.4946716361373994
Isabelle Tamarozi,0.33628297779416255
Isak Storme,0.5361803358663023
Isaque Goncalves Santos,0.05422867575649919
Ishvi Aggarwal,0.1868798004568702
Ismael Gimenez,0.4888657771541606
Ismayil Shahaliyev,0.4270190656329499
Israel Caspi,0.6058877270588915
Isuru Alahakoon,0.7926352792356944
Italo Romero,0.0382590040842229
Itay Sitbon,0.919476581471468
Itgelt Khuyagtsogt,0.5797890529997851
Iulian-Ioan Taras,0.22193389497971885
Iung Alicio de O. Pinheiro,0.30413788426598043
Ivan Aldokhin,0.5270034057394544
Ivan Andrade,0.06634616624744383
Ivan Ivanisevic,0.41340336949162115
Ivan Kalajzic,0.21735621599263505
Ivan Kochiev,0.6582201329519004
Ivan Krylov,0.34919450955289777
Ivan Kubatko,0.64353037573013
Ivan Martic,0.3288549101847949
Ivan Mezentsev,0.19841972708938188
Ivan Paquico Rodriguez,0.07166259223389933
Ivan Povshednyi,0.3548191580308903
Ivan Provotorov,0.7511341129425912
Ivan Stankovic,0.06946546207605434
Ivan Vihor Krsnik Cohar,0.8424829824979689
Ivan Yeletsky,0.8054339011088721
Ivan Zemlyanskii,0.4330976473861739
Ivashentseva Dominika,0.5335387000340296
Iwo Godzwon,0.36110238666874894
Iwo Karolczuk,0.17758043272442123
J,0.09246518742205584
Jaan Ehlvest,0.0605780192377552
Jacek Stachanczyk,0.28037638596803854
Jack Mizzi,0.7472436463220451
Jack Rodgers,0.2786466584499647
Jacob Dreelinck,0.5082450984447768
Jacob Flynn,0.04348550334974731
Jacob Templen Grave,0.2605238958443069
Jacorey Bynum,0.20679370814905312
Jacques Muller Luxama,0.32357433065229535
Jaime Rodriguez Santiago,0.14651647133721635
Jaime Santos Latasa,0.0466388656902683
Jaime Vaglio,0.06298388413649586
Jaiveer Mahendru,0.27809490414745613
Jaka Brilej,0.11318849097935098
Jake Darmanin,0.6589032107986147
Jake Kleiman,0.31500055716523184
Jake Shanty,0.5087254384930889
Jakhongir Vakhidov,0.5487247606334258
Jakob Leon Pajeken,0.5120703700991388
Jakob Postlmayer,0.12268851383341636
Jakob Weihrauch,0.5806000856812789
Jakub Borawski,0.44076716860965454
Jakub Chyży,0.5028387754630533
Jakub Fus,0.46568666375556306
Jakub Kosakowski,0.9271436132093314
Jakub Kusa,0.6949843255270824
Jakub Luberanski,0.8419770996966685
Jakub Pulpan,0.5298200178879577
Jakub Seemann,0.39395117231997195
Jakub Suder,0.10546254482938129
Jaloliddin Ilkhomi,0.657734594045558
James Allen,0.07875890924854476
Jan Boder,0.1346322469308719
Jan Enrique Zepeda,0.22763489093681094
Jan Gustafsson,0.7315984476437689
Jan Helmer,0.26758556010099344
Jan Jodilyn Fronda,0.34930376764433235
Jan Klimkowski,0.23574653224998593
Jan Kokoszczynski,0.1540217312918247
Jan Malek,0.22379132204431768
Jan Marn,0.15127501698397974
Jan Murawski,0.40214665534818816
Jan Petr,0.19919978694798054
Jan Roebers,0.4571593884373234
Jan Subelj,0.2875539426833858
Jan Zienkiewicz,0.35944153409747304
Jan-Krzysztof Duda,0.1744973933133487
Jann-Christian Tiarks,0.45185434773002775
Jarmo Hartikainen,0.6752637458386597
Jaroslav Sobek,0.08162003106948869
Jason Morefield,0.35333250639299096
Jasper Rom,0.1750976219953762
Javier Benitez,0.30754507256795566
Javier Buenafé Moya,0.18850704657810963
Javier Quispe Santacruz,0.13508087291195653
Javier Ruiz Vazquez,0.4215981391839373
Javohir Bozorov,0.2393301742605122
Javokhir Sindarov,0.21538378167250888
Jay Bonin,0.23835189132272974
Jean Marco Cruz Mendez,0.06393105480498255
Jean Meunier-Pion,0.8350748620041255
Jean-Christophe Martine,0.3137958122173247
Jeet Jain,0.1507770754838374
Jeevan Karamsetty,0.2677836158756404
Jeff Quirke,0.21505126185496226
Jeffery Xiong,0.39175041916261255
Jeffinho023,0.20268663848774734
Jemal Ovezdurdyeva,0.35724963872111853
Jennifer Perez Rodriguez,0.47353468422718
Jenny Astrid Chirivi Castiblanco,0.23677660695258557
Jens Albert Ramsdal,0.5295244554013349
Jens E Ingebretsen,0.6161936756316155
Jens Hirneise,0.3969436192492947
Jerzy Jesús Perez Leiva,0.35244693325709503
Jerzy Slaby,0.33733265849259736
Jesper Kjaergaard-Jensen,0.4316952088993709
Jesper Lauridsen,0.9677316776677136
Jesus Alberto Alcazar Jimenez,0.40744292353759126
Jesus Martin Duque,0.2261869155209868
Jesús Alberto Coca Cubillos,0.05018878332061973
Jesús Manuel Vargas Pereda,0.09368089040141574
Jia Haoxiang,0.23902080892157374
Jiner Zhu,0.08675512032982624
Joa Max Bornholdt,0.6999031421149617
Joachim Mouhamad,0.6303018874552979
Joakim Nilsson,0.7749656540194423
Joao Avalos,0.12674031553444004
Joao Batista Dias,0.08377551933390043
Joaquin Fiorito,0.28697524838351063
Joaquin Rodrigo Jimenez,0.21839674756807054
Joey Grochal,0.16499849389566418
Johan-Sebastian Christiansen,0.5820217102117777
Johann Hjartarson,0.07652026959051654
John Bartholomew,0.7512272427683959
John Curtis,0.2397903306160365
John Funderburg,0.2439594877937862
John Merriman,0.1394914348361554
John S. White,0.5523821577686425
Johnathan Bakalchuk,0.39296669713324295
Jonah Willow,0.19315853604575875
Jonas Bjerre,0.2662102132365082
Jonas Eilenberg,0.6232491859934829
Jonas Gallasch,0.5116125524486526
Jonas Wyss,0.9009653568316616
Jonathan Blackburn,0.11678761579648464
Jonathan Dourérassou,0.7131877796070591
Jonathan Hrach,0.07045398381115592
Jonathan Pein,0.4277713059540013
Jonathan Subervi,0.3226201223151625
Jonathan Yedidia,0.08180752058566276
Jonny Cueto,0.11677826707010756
Jorden Van Foreest,0.5541309477738181
Jorge Carlos Antonio,0.07134586479483813
Jorge Soto Vega,0.32513453432450634
Jose A. Hernandez Izquierdo,0.6097018920095295
Jose Antonio Garrido Diaz,0.30641142642288977
Jose Antonio Herrera Reyes,0.053937416921854234
Jose Camacho Collados,0.2976604160425017
Jose Esteban Marin Masis,0.32018398919212865
Jose Felix Calvo Gonzalez,0.8382008803815524
Jose Fernando Cuenca,0.03344541771711893
Jose Gabriel Cardoso,0.4592877968502472
Jose Garcia Molina,0.15989760547637405
Jose Guilherme Barria Santos,0.08936049682175648
Jose Javier Gonzalez Castillo,0.3996359719552137
Jose Martinez,0.1247126178768579
Jose Rafael Gascon,0.41829499443736323
Josefine Heinemann,0.5529602572067268
Josep Lacasa Diaz,0.34273751495720023
Josep Ruscalleda,0.03851704742867035
Joseph Bellissimo,0.7051966279644122
Joseph Girel,0.6001194438992717
Joseph Levine,0.6476128583385148
Joseph Zeltsan,0.6258585102656332
Joshua Colas,0.6863402537856541
Josue Araujo Sanchez,0.03748115336657922
José Carlos Ibarra Jerez,0.3971527846666952
José Francisco Veiga,0.21960935055663966
José Remolar,0.1747703320462289
José Renato Ruiz Maranhão,0.3998757992519821
Jovana Srdanovic,0.09685588882435489
Joy Romany,0.09872558859043852
JozefKneht,0.3019559879354507
Juan Alberto Gomez Aguirre,0.4945530723534154
Juan Antonio Urbina Perez,0.43963370617564834
Juan Carlos Mesa Cruz,0.2761647107047077
Juan Carlos Ricaurte Lopez,0.6927035023495588
Juan Cruz Arias,0.24896644018846384
Juan David Becerra Morales,0.5366802024307613
Juan David Lopez Perdomo,0.2730940153172975
Juan Fernando Aguilar Novoa,0.22390283047292261
Juan Manuel Aranda,0.07572884778468374
Juan Manuel Garcia Almaguer,0.33181606701123056
Juan Pablo Demaría,0.3512006134729916
Juan Rottenwohrer Suarez,0.2046337629718194
Juan Sebastian,0.10172297941229573
Juan Sebastian Melian,0.23009020666937952
Judah Nathan Levitan,0.5008934067405061
Jude Shearsby,0.463042775711631
Jules Moussard,0.5319219958711141
Julia Elizabeth Sloan,0.062243524089695045
Julia Tsukerman,0.3495573947656958
Julian Antonio Rojas Alarcon,0.0762326998930545
Julian Colville,0.9722971895761002
Julian Estrada,0.6735298021273788
Julien Dubreuil,0.7396754143235891
Julio Antonio Hernando Rodrigo,0.5252563000345671
Julio Cesar Diaz Rosas,0.4430548573790869
Jun Ying Tan,0.5266445127263039
Jun Zhao,0.3784452127718033
Jung Min Seo,0.1972518839121013
Junior Tay,0.47176720143892226
Justin Blackman,0.07312998507186184
Justin Chen,0.4573247460879766
Justin Liang,0.11435887963213505
Justin Sarkar,0.2931277146394063
Justin Storm,0.022748702911735523
Justo Reinaldo Chemin,0.4649363926264612
Jéssica Trindade Hubner,0.23543001307357506
József Mátyás Herpai,0.6988865551862892
K Priyanka,0.13454523503134136
Kaan Kucuksari,0.6112268717925453
Kaan Ozcan,0.19360412895099605
Kacper Drozdowski,0.6919425648024544
Kacper Karwowski,0.42880950747098706
Kacper Piorun,0.33030418810505136
Kacper Polok,0.17475497988235297
Kacper Tomaszewski,0.7348176314616552
Kacper Ugorek,0.07879481253099156
Kadir Soria Delgado,0.3021287267767868
Kaganskiy Gleb,0.7966854523779041
Kaiser Luiz Mafra,0.1484337163742079
Kaivalya Sandip Nagare,0.9841423084276361
Kalyani Sirin,0.8196924195368777
Kamal Aghasiyev,0.3919073342520986
Kamil Warchoł,0.29810200992350777
Kanishka Bhatia,0.41762130328278574
Karina Ambartsumova,0.3413469428925395
Karina Ivanova,0.6723111398881323
Karl Bowden,0.8562728099899122
Karl-Emil Elmer Nielsen-Refs,0.2257717950496081
Karol Kucza,0.897448624146778
Karsten Hansch,0.6798841149707561
Karsten Schulz,0.04915991021300518
Karsten Schuster,0.371626408633751
Karthik Rajaa,0.29777000088998185
Karthikeyan Murali,0.2795289726924787
Kashish Jain,0.291808115534612
Kaspar Kappeler,0.14590658194017064
Katarzyna Dwilewicz,0.2140958529285384
Kateryna Lagno,0.7503906670702086
Katharina Reinecke,0.531847393395015
Kaua Marques Silva,0.30036246218677876
Kavyev_Ruslan,0.13798631620238735
Kayden Troff,0.8832285021409616
Kazybek Nogerbek,0.3285651773990555
Keaton Kiewra,0.3465372769606776
Keith Jeffrey Khumalo,0.06007679615023005
Kelsey Liu,0.22458263932691178
Kelvin Sánchez,0.19176953201605929
Kemal Bashirov,0.34402096310582675
Kemel Antonio Gallo García,0.41638921169727167
Ken Arnold,0.7644624840028643
Kerem Tinmaz,0.3087614902021336
Kerry Stead,0.07612872528876544
Ketevan Arakhamia-Grant,0.10250938669989287
Keti Tsatsalashvili,0.29197877898966623
Kevin Bordi,0.7386148799987274
Kevin Chor,0.28818681999852336
Kevin Cupid,0.3856957566885417
Kevin Davidson,0.11433517465912127
Kevin George,0.6325850999238283
Kevin Joel Cori Quispe,0.3510734717871105
Kevin Noboa Silva,0.47802071753141445
Kevin Yang,0.07183699419775039
Khagan Ahmad,0.9102494297226824
Khumoyun Begmuratov,0.30938583841824724
Kiborg95,0.0825279241536097
Kim Sergey,0.07158118393935384
Kim Yew Chan,0.24948613226081728
Kingsman132,0.555507850196099
Kiren Vivek Nasta,0.7235395838737997
Kirill Alekseenko,0.623934592845726
Kirill Klukin,0.4065421174484471
Kirill Kotlyar,0.40831700964268725
Kirill Kozionov,0.07039419978341793
Kirill Kuderinov,0.5212255902494174
Kirk Ghazarian,0.1454560226712669
Kjell Petersson,0.07092129211027923
Klementy Sychev,0.791774366806085
Klendi Zeneli,0.769004328302071
Kler Çaku,0.6778390981374922
Klára Kovács,0.07066685290430966
Koen Leenhouts,0.9501855048145824
Komal Kishore Pothuri,0.6140373443559096
Konstantin Bazarov,0.3043941670668294
Konstantin Begunov,0.15522914108608996
Konstantin Borsuk,0.05822009196229492
Konstantin Egorov,0.29101040046111465
Konstantin Garagulya,0.3909445669941584
Konstantin Loy,0.40579511710770044
Konstantin Popov,0.5129316951270153
Konstantinos Markidis,0.4596037461056916
Konstnatin Andreev,0.5603303358540657
Koorosh Bahmani,0.542270647506865
Koosha Jaferian,0.8346528751262813
Korun Gulamirian,0.08339573344397526
Kosma Pacan-Milej,0.37704053967137036
Kostya Kavutskiy,0.08298013471973226
Krikor Sevag Mekhitarian,0.28896425832169126
Krishna Nathan,0.37469584225572883
Kriti Patel,0.4415045123462183
Krzysztof Budrewicz,0.044840390466191156
Krzysztof Jakubowski,0.1642440249556834
Kshatriya Vekhande,0.5945379911930455
Kuzmicz Krystian,0.11744716115412343
LUIS MIGUEL FLORESVILLAR,0.4291269819891236
Ladislav Langner,0.7469949072386373
Lagmantr,0.913042110989885
Lakshmi C,0.05029039275054568
Lala Huseynova,0.7672998518382002
Lamine Brahami,0.15107129203493763
Lars Andreassen,0.6359011737187316
Laura Viñolas,0.6611435748608778
Laurin Jahnz,0.7734484551035813
Lawrence Trent,0.2943461396390695
Lazaro Lorenzo De La Riva,0.20298672901394305
Le Thao Nguyen Pham,0.27717712472136297
Leancy Beatriz Fernandez Bustamante,0.5222400295006366
Leandro Formes De Arruda,0.6541514537108164
Leandro Jiménez,0.160552437558789
Leandro Krysa,0.5760665746617353
Lefong Hua,0.06987430713378588
Leinier Dominguez Perez,0.7061914259349019
Lenaerts Lennert,0.3324983980741506
Lenin Guerra Tulcan,0.15880489586099283
Lenka Ptacnikova,0.16026137284292707
Lennis Martinez Ramirez,0.382680225011925
Leo Crevatin,0.5052945706374778
Leo Valle Luis,0.4476949068416013
Leon Livaic,0.3146869120227396
Leon Luke Mendonca,0.04588152195714157
Leon Mazi,0.13439541642949548
Leonardo Duarte,0.3818365224864825
Leonardo Tristan,0.9635815492793445
Leonardo Valdés,0.06027537446645863
Leonardo Vincenti,0.5303167526309022
Leonid Guerb,0.16633900173410684
Leonid Nozdrachev,0.7538760906040063
Leonid Sokolin,0.3808810503836409
Leonid Starozhilov,0.20219566476509448
Leslie Carolin Torres Hernandez,0.15503230678690536
Lev Zverev,0.740675991443634
Levan Pantsulaia,0.0578526480802387
Levente Miszler,0.11197359724521452
Levon Aronian,0.13997223845555523
Levy Rozman,0.39365691938968495
Lewis Martin,0.695204431658887
Liam Baruch,0.7108533410778981
Liam Putnam,0.9013396475384845
Lianet Diaz Garcia,0.037055324673445404
Licael Ticona,0.5862116348852495
Liem Le,0.15527034626249256
Lile Koridze,0.2593976572696663
Lilia Fuentes,0.26645486718597705
Lilit Mkrtchian,0.11483698548455772
Lily Jeanette Duarte Cramer,0.3512670526402423
Linus Olsson,0.03555454848625622
Linxi Zhu,0.6000677001185284
Liwia Jarocka,0.22561784475334085
Liya Kurmangaliyeva,0.12885655001621737
Loay Sameer,0.13870922301996108
Logan Clark Shafer,0.8009509941801893
Logman Guliev,0.24217820380696936
Loic Travadon,0.1982431854183908
Looi Xin Hao,0.385881014174405
Lorenzo Perea Fruet,0.14370868033458487
Loris Tavernier,0.8441308836010741
Lovro Novosel,0.053955641404170175
Lubov Markelova,0.19281440980880088
Luca Albertini,0.25707077430613856
Luca Ernst,0.16209108420598445
Luca Moroni Jr,0.4765893449236753
Luca Silva,0.4228098085699135
Luca Suvorov,0.07487845739679364
Lucas Aguiar Cunha,0.3163973203969439
Lucas Aparecido Oliveira Dos Santos,0.01362590243440279
Lucas Cumpe,0.8507647665659981
Lucas DI NICOLANTONIO,0.2707005925807343
Lucas Do Valle Cardoso,0.8859190673096498
Lucas Foerster-Yialamas,0.4489612360582769
Lucas Liascovich,0.9219182245427173
Lucas Pereira Mendes Da Silva,0.7342949603029556
Lucas Ranaldi,0.4256608125440421
Luciano Justi Antunes,0.05833280823401481
Lucius Melillo,0.5109539066056278
Ludvig Carlsson,0.8037976951431111
Luis David Jimenez Almeida,0.03155145611401131
Luis Eduardo Ballester Llagaria,0.6325601981689429
Luis Enrique Valle Maytin,0.5148006052266213
Luis Eusebio Oro,0.225925387520535
Luis Fernández Siles,0.0960154351502097
Luis Galego,0.2080380247776148
Luis Guillermo Antúnez Soler,0.7593884653818092
Luis Manuel Perez Rodriguez,0.816614296622784
Luis Roque,0.11516094365467681
Luiz Araujo,0.4251392674723304
Luka Paichadze,0.9793674888451326
Lukasz Jarmula,0.2590581125937114
Lukasz Swiatlowski,0.039250708877836236
Lázár Mátyássy,0.47547091898679233
MF Pablo Alexander Ruiz Aguilar,0.6214719447958332
MI Marcelo Playa,0.9588623906624857
MIJuanReyesRosa,0.4524300233375115
MN Vinicius Saito,0.044979967372842176
MYMChessAcademy-inactive,0.397706155663818
Maciej Czopor,0.22832108918307972
Maciej Klekowski,0.20437335757388983
Maciej Sroczyński,0.044017326994345254
Maciej Świcarz,0.209371588100819
Madara Golsta,0.5468346344899834
Mads Vestby-Ellingsen,0.5405478130441964
Maftuna Bobomurodova,0.43288431590518783
Magnus Carlsen,0.32703387012988566
Mahammad Muradli,0.28651636120073726
Mahdi Gholami Orimi,0.11161076124550276
Mahel Boyer,0.813924540073981
Mahmoud Alhadad,0.9671647708492351
Mai Narva,0.5060176985196092
Maka Purtseladze,0.2855323520953969
Maksim Chigaev,0.18713684881827047
Maksim Ivannikov,0.9123771366249617
Maksim Tsaruk,0.7831918621198307
Maksim Volkov,0.29232733869741656
Maksim Zhukov,0.079940992037109
Maksims Golubovskis,0.1141301454892694
Maksym Dubnevych,0.5277461074840694
Maksym Goroshkov,0.9727470884130736
Maly Alexey,0.6930110073470598
Malyi Viacheslav,0.3147099086417341
Mamedov Edgar,0.9831540589515966
Mamikon Gharibyan,0.22437056292293045
Manoj Mishra,0.25909987501017895
Manolache Marius,0.05642817148723896
Manuel Petrosyan,0.7743488421300485
Manvel Arakelyan,0.532338220709965
Marat Denishev,0.24038983054331528
Marat Gilfanov,0.670346221696244
Marc Balague Camps,0.09711863237754395
Marc LLari,0.43697992483878395
Marc Lonoff,0.18564673035599782
Marc Morgunov,0.0793505202889734
Marcel Beulen,0.7029265055630578
Marcel Petersen,0.8467957084808513
Marcel Winkels,0.12633028462297863
Marcell Szabo,0.8792303954973484
Marcelo Jorquera,0.07092096502442363
Marcelo Villalba,0.14608255886820737
Marcin Krzyżanowski,0.7970632057658834
Marcin Molenda,0.190864373627497
Marcin Sieciechowicz,0.32496398745018584
Marco Cattaneo,0.15627456597699174
Marco Cordeiro,0.07008971625887589
Marco Dobrikov,0.1569818920544316
Marco Lantini,0.26516599369480004
Marco Materia,0.34685126192318105
Marco Riehle,0.9539246076995207
Marcos Lianes,0.03589311365314547
Marcos Rodriguez Fontecha,0.20097963764184162
Marcos Vinicius Torsani,0.38742649313151895
Marcus Harvey,0.6379320309469663
Marek Karas,0.1495833255418985
Marek Pniaczek,0.8468077467165323
Margarita Fakhretdinova,0.18281952847442193
Margarita Novikova,0.28272575220459806
Margarita Potapova,0.18222457294781752
Margarita Zvereva,0.5546094440676633
Maria Florencia Fernández,0.0777243232131521
Maria Fominykh,0.06515495894030673
Maria Gevorgyan,0.12912173699388543
Maria Larina,0.0776957431269337
Maria Teresa Jimenez Salas,0.6082073570482297
Marianna Grineva,0.23608444713855534
Mariano Ortega Amarelle,0.5112912689718342
Marie Sebag,0.40898156212432824
Mariia Berdnyk,0.16930783637698613
Marina Korneva,0.2553920073668074
Mario Andres Fernández Sánchez,0.055131315746288836
Mario Gavilán Díaz,0.5655811438434253
Mario Sibilio,0.33739696969696975
Marius Deuer,0.06436877187161438
Marius Fromm,0.48300425798598123
Mariya Yakimova,0.040664317560390774
Mark Biernacki,0.5697552318135195
Mark Dejmek,0.26646055975142846
Mark Josse,0.0527484149285908
Mark Liubarov,0.8023196214114197
Mark Smirnov,0.9497639022881843
Mark Timmermans,0.2268935708258911
Mark van der Werf,0.31889127063363887
Marko Jelcic,0.03909983451436915
Marko Nenezic,0.003935504513189586
Marko Perestjuk,0.2488407696868343
Marko Srebrnic,0.129422067083994
Markus Ragger,0.7595051783459799
Marlon Javier La Villa Rivas,0.35181170016924845
Marlon Jodar,0.7602663194861523
Maroun Tomb,0.14719143205524313
Martin Brüdigam,0.192213855389391
Martin Chlpík,0.26835368520638614
Martin Holten Fiskaaen,0.631931295841413
Martin Horak,0.3603224261054972
Martin Horcajuelo Rocamora,0.031339727752367166
Martin Matthiesen,0.15548969842328803
Martin Mena,0.10345514095158972
Martin Portero Rubio,0.19577176396914323
Martyn Kravtsiv,0.6445326783415166
Martyna Starosta,0.49107878819988543
Marvin Guevara,0.3202740046364114
Mary Kiseljova,0.23219269434875428
Marya,0.227126611240633
Maryana Huda,0.22852379103369164
Masruri Rahman,0.8084884883528272
Matan Prilleltensky,0.4260003616157074
Matei-Valeriu Mogirzan,0.7712230939677566
Matensien,0.13073302133987835
Mateu Boci,0.6712389698987926
Mateus Costamilan Tomiello,0.3873111298157912
Mateus Felizardo Viageiro Alice,0.19658236994410716
Mateusz Bartel,0.06340913129290472
Mateusz Brozyna,0.28342510611646776
Matfey Rogov,0.8461476107945881
Matheus Santos,0.18284034740324248
Mathias Womacka,0.701804643381116
Mathieu Ternault,0.5350321072969114
Mathis Sabatier,0.6699150357732508
Matias Jaque,0.054207895293421536
Matt Herman,0.038643060973455365
Matt Pon,0.07392058120591916
Matt Zavortink,0.6034707834183355
Matthew Guo Diao,0.6313787047793911
Matthew O'Brien,0.28683155534984967
Matthew Wadsworth,0.13298414076533388
Matthia Bach,0.17571785307350382
Matthias Bluebaum,0.9338630288294685
Matthias Dann,0.7204710181658938
Matthias Mattenberger,0.24392966768980967
Matvey Galchenko,0.22602092553870273
Matyas Palczert,0.842916172058937
Matyáš Zeman,0.5641405336719131
Matías Mingo Fernández,0.11937433894732578
Matías Pérez Gormaz,0.320107524510567
Mauri Lehtosaari,0.3318345134215764
Maurizio Brancaleoni,0.43198186182701753
Max Chen,0.7139499119792434
Max Warmerdam,0.4840747830409235
Maxi Perez,0.04042004870763456
Maxim Gavrilov,0.14261754211880795
Maxim Lugovskoy,0.8807690281496134
Maxim Matlakov,0.3670322984325796
Maxim Novik,0.4307492736992448
Maxim Omariev,0.06525758845642345
Maxim Ventura,0.5256890216870793
Maxime Lagarde,0.2194532260310817
Maxime Vachier-Lagrave,0.2082685904363864
Maximilian Mostbauer,0.7053419889211799
Maximiliano Rossi,0.5810162237462826
Maya Porozhnyak,0.18991018871502738
Mayank Chakraborty,0.8896614432244014
Md Bashiq Imrose,0.8662631880883207
Md Jamal Uddin,0.06821343526592948
Medet Dzhaparov,0.5760014245186533
Medina Paz Miguel 1968,0.036958945351194636
Mees van Osch,0.5978012359191417
Megan Althea Paragua,0.834825843820848
Meilis Annaberdiev,0.7256182503530098
Melih Kaan Can,0.25707336975089046
Melih YURTSEVEN,0.11131439116233668
Melika Mohammadi,0.680794161204362
Meri Arabidze,0.1374357244180979
Meri Grigoryan,0.49243730799160207
Mert Acikel,0.30633170108865965
Mert Erdoğdu,0.5977844821998273
Michael Buscar,0.09799249144791251
Michael Concio Jr.,0.25062458299298623
Michael Fernandez,0.1289824995108932
Michael Klenburg,0.02396118295068997
Michael Kotyk,0.11248708760416977
Michael Song,0.196309375975842
Michal Fiedorek,0.4468645898524106
Michal Fudalej,0.0726553133859161
Michal Koziorowicz,0.44408193673111535
Michal Mazurkiewicz,0.1866245742398101
Michal Provaznik,0.04652564624491587
Michal Redzisz,0.19838863869661597
Michal Tworuszka,0.08765488613856279
Michalina Rudzińska,0.5050297820965712
Michał Bartel,0.12040310703599433
Michał Kopczyński,0.5835748546146491
Michał Walentukiewicz,0.046232463865886655
Michel Alejandro Diaz Perez,0.2687416513214617
Michel Bifulco,0.048703379753394525
Michel Coto,0.5608620509850698
Michel Samuel Lopez Abreu,0.2726744900613916
Michel Saucey,0.40488970789050766
"Michelle Catherina, P",0.462129459933327
Miguel Angel Marino,0.3294632354715855
Miguel Munoz,0.3950077240652185
Miguel Santos Ruiz,0.2045245580029862
Mihael Ankerst,0.4386931103116261
Mihai-Lucian Grunberg,0.48480072562151727
Mihailo Djokic,0.4859459755111434
Mihnea Costachi,0.3656453649555019
Mika Karttunen,0.1327159679942517
Mikayel Manvelyan,0.7397987375777382
Mikayel Mkrtchyan,0.43304065012213044
Mikayel Rostomyan,0.30591161412506196
Mike Hehir,0.04710887102695466
Mike Ivanov,0.4219051945215839
Mike Sailer,0.7415787247450413
Mikelis Vingris,0.2989950269046503
Mikhael Garakov,0.5084966601512872
Mikhail Antipov,0.6820223205618962
Mikhail Bryakin,0.21704485364368056
Mikhail Chernov,0.506199234137496
Mikhail Demidov,0.04889329173711779
Mikhail Golubev,0.6924934800761768
Mikhail Gusev,0.5523934332840383
Mikhail Kazakov,0.2332363692060655
Mikhail Kobalia,0.2351233728496906
Mikhail Pesotskiy,0.21195273434313822
Mikhail V. Kuznetsov,0.6833885731965939
Mikhail Yashmetov,0.42158228686392674
Mikkel Jacobsen,0.7001895818285614
Mikołaj Gbiorczyk,0.4257029463676836
Milad Khodabandeh,0.5656920835069019
Milan Jocev,0.44566598922984324
MillyNeuf,0.06411595784430764
Milos Milosevic,0.24556882319186238
Milton Pantzar,0.8146385364913054
Mina Wael Sabry,0.09648777522045318
Miran Oganian,0.9575289559424739
Miras Assylov,0.04328678638709503
Miroslav Simonovic,0.13734215677774925
Mirosław Lewicki,0.10180154574369922
Mitch Fishbein,0.14582711474386825
Mitrabha Guha,0.11684625287962018
Miłosz Szpar,0.5990132758615226
Mladen Gajic,0.4329117628205452
Mobina Alinasab,0.31556427569674267
Mohamed Anees M,0.16190157328894889
Mohamed Ezat,0.4124431076480698
Mohamed Haddouche,0.008486767379662438
Mohamed Nouali,0.6435040125029874
Mohamed Salem Yahi,0.13333656713788034
Mohammad Fahad Rahman,0.407436479109447
Mohammad Mohammadian,0.3898543688124191
Mohammadhossein Shamsi,0.5611041708192739
Mohammed Seder,0.7560978431190478
Mohsen Gabr,0.06069980844791081
Moksh Amit Doshi,0.3576633033995881
Momchil Petkov,0.12211881847907066
Monika Marcińczyk,0.23995504813510982
Moritz Weishäutel,0.977715545641131
Mostafa Sakhaei,0.3573188675231701
Mounika Akshaya Bommini,0.08912302841484082
Mr. Sai Han Thiha,0.2799810792518883
Mrudul Dehankar,0.5813883837090692
Muhittin Büker,0.07989721588656964
Mukhammadali Abdurakhmonov,0.43162206211752424
Mukhammadzokhid Suyarov,0.6649585638515092
Mukhiddin Madaminov,0.48265003658690037
Munkhgal Gombosuren,0.5201048152537988
Murad İbrahimli,0.25646186825874684
Mustafa Yilmaz,0.34900400259349035
Mykhailo Shinkarev,0.1654792486333339
Mykhaylo Kepeshchuk,0.15134075184905565
Mykola Bortnyk,0.9593733875423147
Mykola Korchynskyi,0.8278057752177478
Myroslava Hrabinska,0.3494548622490443
Máté Gyenes,0.6072750988498365
Nad Titus Petre,0.08184208679756563
Nadezhda Antonova,0.047925952886285726
Nadezhda Kostina,0.8060374171015454
Nadya Toncheva,0.31621426401463
Nafisa Muminova,0.20751496731037555
Nahun Gavarrete,0.24427504632679442
Nail Bashirli,0.7088693816167945
Nameer Issani,0.18326250193529317
Namitbir Singh Walia,0.41558138879510664
Narayan Venkatesh,0.08512214808635882
Narek Ghimoyan,0.8574854754984866
Narmin Khalafova,0.06700352662177472
Nasrin Babayeva,0.08954996999729549
Nasyrova Ekaterina,0.20100360276699597
Natalia Zhukova,0.5598507386971585
Natalie Wisniowski,0.47760033293259996
Nataliya Buksa,0.6871882327270733
Nate Solon,0.23969782373666293
Nathaniel Mullodzhanov,0.5064283139037984
Naveen Jain,0.08772177373866638
Nayem haque,0.4689197913747842
Nazar Firman,0.9462583536020963
Nebojsa Ristic,0.1925148344978627
Necmettin KORKMAZ,0.7470468630152773
Neeraj Harish,0.44787631470349243
Nemo Zhou,0.275587207075265
Nesa Modric,0.7170537541662065
Neven Hercegovac,0.29367367375496395
Newansa M Esandi,0.4507785278576645
Nguyen Ngoc Truong Son,0.8239093336644465
Nhat Minh To,0.619203261237368
Nhung Hong Nguyen,0.29492082708478484
Nicholas Figorito,0.19290472997874292
Nicholas Ladan,0.23961498809544474
Niclas Huschenbeth,0.5836538964734849
Nicodim_Cosmin Stepanencu,0.09608373245527202
Nicola Altini,0.8750335273516132
Nicolai Maxime Østensen,0.21013858484257014
Nicolas Brunner,0.11578464301882527
Nicolas Cogan,0.2741006014728611
Nicolas De La Colina,0.04481515203482321
Nicolas Perossa,0.24246055782837656
Nicolò Napoli,0.4553234081686893
Nihal Sarin,0.6760937003765889
Nikhil Dixit,0.6213382312170246
Nikita Fedotov,0.19501507684811464
Nikita Filindash,0.21088157242271524
Nikita Khoroshev,0.12894158979395692
Nikita Kraiouchkine,0.5254848739536444
Nikita Matinian,0.5560992671819054
Nikita Meshkovs,0.44803885688478395
Nikita Shandrygin,0.8806340703066491
Niklas Schmider,0.6660839823389126
Niklesha Tharushi,0.7316068155073114
Nikolai Aliavdin,0.12469297947785962
Nikolai Kabanov,0.4928139136977556
Nikolai Vlassov,0.7479111519979408
Nikolaos Skiadopoulos,0.18331969217383806
Nikolaos Spyropoulos,0.2260338331283612
Nikolas Koutlas,0.15243277381073472
Nikolas Theodorou,0.24703503466177684
Nikolay Kleimenov,0.352689293678674
Nikolay Maevskiy,0.2969567309849865
Nikolay Milchev,0.05311467995946724
Nikolay Pavlov,0.5743801760437341
Nikoloz Petriashvili,0.034406006527568464
Nikolozi Kacharava,0.9326548561792801
Nils Grandelius,0.35844764123571576
Nils Richter,0.1555253656460718
Nima Hosseinzadeh,0.9341733200600851
Nimay Agrawal,0.6557703605074634
Nino Batsiashvili,0.4970980354641502
Niranjan Navalgund,0.5186634423536434
Nisha Mohota,0.23974173091432077
Nisim Iliaguev,0.7240282102765981
Nita Lucian,0.04104771044046791
Nitai Leve,0.9230389276341404
Nitin Senthilvel,0.015262294680850396
Nitish Belurkar,0.8284389153281918
Nitish Nathan,0.39073464908490896
Nitzan Steinberg,0.07145032958238948
Noah Thomforde-Toates,0.5169167140710783
Noam Vitenberg,0.5613045351256322
Nodar Lortkipanidze,0.3651196963251301
Nodirbek Abdusattorov,0.7242749683421656
Novak Čabarkapa,0.4180354214985339
Novendra Priasmoro,0.2335224335852289
Noël Studer,0.1386852629277924
Nurai Sovetbekova,0.2798234301833564
Nurgazy Zheenbekov,0.07487602140608085
Nurgyul Salimova,0.9662852160138768
Obolenskikh Dmitry,0.20994326660348656
Okan Bulgurlu,0.5926422452757638
Olaf Michalski,0.16489410861469683
Oleg Artemenko,0.5676276344256997
Oleg Badmatsyrenov,0.3904183583722795
Oleg Kozlov,0.039191100651758196
Oleg Papayan,0.7254418275127558
Oleg Rychkov,0.5613644836657226
Oleg Terletsky,0.5077644468804399
Oleg Vastrukhin,0.031114724356368372
Oleg Yaksin,0.07240386030738506
OlegKrivonosov,0.41238118728196194
Oleksandr Bortnyk,0.7840990526240235
Oleksandr Kuzhilniy,0.13389205022174594
Oleksandr Matlak,0.08844235485239671
Oleksandr Prokhorov,0.0398264280685672
Oleksandr Shymanskyi,0.4217685722638798
Oleksandr Vasynda,0.4344920242603193
Oleksandr Yevchenko,0.3639758735420057
Oleksandr Yurovskykh,0.6459725933584655
Oleksiy Solovchuk,0.1263223226715588
Olexandr Shevchuk,0.11582596135279563
Olexiy Bilych,0.5913503176684227
Olga Artemyeva,0.47446398271004747
Olga Babiy,0.2570756652823172
Olga Badelka,0.0362401087763715
Olga Girya,0.6623950617700887
Olga Karavaeva,0.23443380889561777
Olga Kuznetsova,0.38028034592492166
Olga Matveeva,0.48135623769313546
Olga Sikorova,0.06130880643981881
Olga Yushko,0.3271432210091503
Olga Zhuravleva,0.3594397355200885
Oliver Stork,0.35373720585578333
Oliver Wartiovaara,0.28190600674488553
Olzhas Khamzin,0.0867484656612301
Om Kadam,0.6166468339823186
Omar Garcia Blanco,0.6689417528860023
Omer Akkara,0.2928872776269962
Omran Alhosani,0.44239405488957734
Ondrej Toman,0.5139833563415184
Onno Elgersma,0.2993140856715075
Orest Vovk,0.5840011326717466
Ori Kobo,0.3306603327317543
Ori Taichman,0.6624948382409167
Oriol Serra Canals,0.3001638757619613
Ortik Nigmatov,0.3143885612622937
Oscar Ardila,0.0844442134938902
Oscar yosimar Acosta cruz,0.04760649776086628
Oskar Wieczorek,0.12069132699836223
Owen McCoy,0.09500680511156646
PAULO CÉSAR COSTA,0.4467316552951125
Pablo Barrionuevo,0.04260531228102036
Pablo Glavina,0.1280658302614021
Pablo Lalanne,0.6996409936687149
Pablo Salinas Herrera,0.2751225343053812
Pablo Zarnicki,0.17176590792735008
Paco Rubio Tent,0.5710995906540034
Padmini Rout,0.1693306112230347
Panagiotis Hristodoulou,0.30340003923587056
Pantata007,0.23943809782596803
Paolo Ciuffoletti,0.6667617255750173
Papp Levente,0.3817676253626616
Papp Petra,0.43030880464890303
Pappu Murthy,0.13891268322010678
Parham Maghsoodloo,0.07495169790156936
Paris Prestia,0.1974935001610692
Pariston Hill,0.6635269496154947
Patrick Aizpurúa,0.0919528515975461
Patrick Perry,0.6310491252694377
Patrik Aalto,0.27760911248756726
Patrik Stevik,0.4190260497916527
Patryk Chylewski,0.2568038213132709
Patryk Cieslak,0.6874525610186806
Patryk Stanisz,0.0638475053888315
Patty Castillo,0.1945124385047343
Pau Marin Ferragut,0.48457223379555214
Paul Burke,0.05764560014779465
Paul Cristian Rusan,0.15065634873735395
Paul Makarov,0.06674510645993335
Paul Richter,0.025674857683233195
Paul Rohwer,0.049991041675352114
Paulina Cagara,0.12357805375421024
Paulius Pultinevičius,0.5685661589951252
Paulo Jodorcovsky Werjivker,0.31835830572504575
Pavel Chernomordik,0.04003846060898213
Pavel Eljanov,0.5379215129034763
Pavel Kiselev,0.1507787565764369
Pavel Plotnikov,0.07294649619084823
Pavel Politov,0.40139377071591353
Pavel Ponkratov,0.12139448761384397
Pavel Salman,0.061962284199974224
Pavel Skatchkov,0.46863316779735076
Pavel Smirnov,0.2915920132750648
Pavel Tregubov,0.6922797937955376
Pavel-Alexandru Nastore,0.1320171402972553
PavelShkapenko,0.9582915181220448
Pawel Flis,0.2698177057638283
Pawel‚ Dudzinski,0.439259776554041
Paweł Kowalczyk,0.6882041793870467
Paweł Kukuła,0.03248954791332206
Paweł Sowiński,0.28987636303284486
Pedro Espinosa,0.567536587782129
Pedro Filipe Rego,0.3060449046681352
Pedro Gil Ferreira Da Silva,0.2968054766025384
Pedro Martinez,0.3304657987090794
Pere Garriga Cazorla,0.0486993225955135
Peter Keller,0.2167130523094984
Peter Lizak,0.6694357282928022
Peter Prohaszka,0.5932774763231472
Peter Roberson,0.3705350892829419
Peter Sadilek,0.17739339544777227
Peter Svidler,0.1843995243532183
Petr Matyukov,0.11803394758662525
Petro Golubka,0.13925187033548936
Phileas Mathieu,0.08840600549087659
Philipp Sonnenschein,0.6768525957671916
Phuong Hanh Luong,0.46145218648321806
Piero Mazzilli,0.24722031339430903
Pierre Barbot,0.3676339888531692
Pierre Villegas,0.6186202486508998
Piotr Brodowski,0.11062460170943995
Piotr Brzezina,0.652926832536623
Piotr Dobrowolski,0.9089088286790613
Piotr Kejna,0.188610016563057
Piotr Lopusiewicz,0.5521884976252853
Piotr Piesik,0.02462468395891664
Piotrek Mickiewicz,0.15392843853429836
Plamen Stefanov,0.5784638462842154
Polina A Smirnova,0.4068599913022942
Polina Gutkovich,0.10600752721696667
Polina Shuvalova,0.5541938629632337
Pouria Darini,0.5406737054236775
Pouya Idani,0.14178303487250438
Praggnanandhaa Rameshbabu,0.017945563744193378
Pranav Anand,0.09915480985665365
Pranav Senthilkumar,0.32875943230911264
Pranav V,0.2063114331254503
Pranesh M,0.4730956164843788
Praveen Balakrishnan,0.8228447501802749
Prithu Gupta,0.40364614069427196
Priyansh Garg,0.5525249828550335
Prraneeth Vuppala,0.8728665255094497
Przemyslaw Koc,0.08709945438495884
Punin Andrii,0.6478801186072136
Qi Pang,0.5133706579590598
Qianyun Gong,0.5412029205993556
Qingyu Yuan,0.6599584468420507
Quiet_Desperation,0.5057534394357434
Quoc Hy Nguyen,0.44174719226395015
RICHARD POLACZEK,0.3683768026831403
Raahul V S,0.14653654522468554
Rachid Schrik,0.14313507360993477
Radmila Kovacevic,0.854747732606007
Radoslaw Szczepanek,0.8017489571110616
Radosław Dzierżak,0.9505765140225769
Rafael Leitao,0.32977071202424507
Rafael Merino García,0.05807280988967519
Rafael Miranda,0.2173447491780684
Rafael Teixeira,0.343596368159587
Rafael Vahanyan,0.30799818508285454
Rafael Ventura dos Santos,0.080232283083994
Rafail Antoniou,0.6381792619925187
Rafal Szyszylo,0.0440701909719074
Rafał Lewandowski,0.7089901338106532
Rafał Tymrakiewicz,0.33744382364879033
Raja Rithvik R,0.3281335709147536
Rakesh Kulkarni,0.5835029557545174
Ralph Federick Tan,0.8572672342918327
Ramil Faizrakhmanov,0.6573262231657143
Ramiro Corona Monraz,0.06316323634566494
Ramon Jr. Manon-og,0.26967140510127646
Ramyres Santana Coelho,0.7347794539837211
Randal Ferguson,0.17523502209662498
Ranesh Ratnesan,0.02893595797397743
Ranindu Dilshan Liyanage,0.5814826117192832
Raphael Alonso,0.09549119452480602
Raphael Lagunow,0.3502075701831905
Raphael Mayaud,0.4135909992413393
Raset Ziatdinov,0.1769636034082316
Rashad Zeynalli,0.6715973854225634
Rasmus Skytte,0.948958242581447
Rasmus Svane,0.649873590443413
Rastko Svicevic,0.19325764273178314
Ratko Novak,0.6489860646592275
Raunak Sadhwani,0.057112995366787024
Ravan Aliyev,0.1911942001691629
Raven Sturt,0.07813695445843491
Raymond Gao,0.16656299237081984
Raymond Kaufman,0.6101313417204751
Razvan Preotu,0.6773787583051718
Read Samadov,0.2921336866633605
Rebeca Garcia Hernandez,0.39226317157737717
Rebeca Jiménez Fernández,0.1577930469537174
Reem Sherman,0.4219842095960599
Regita Desyari Putri,0.17479503020555479
Reinis Paikens,0.08422688537612337
Remy Rushbrooke,0.2899375377780909
Renato Quintiliano,0.4801108821781268
Renato Terry,0.2635523798905258
Rene Humberto Perera Alfonso,0.7453217282552668
Rene' Phillips,0.1922220248583427
Renzo Jhonathan Rengifo Blancas,0.2611674883818872
Reza Mahdavi,0.526375162803937
Rian Kapriaga,0.37296857548891166
Ribeiro Domingues Ribeiro,0.6974888343187795
Ricardo D Darruda,0.15915793973159673
Ricardo Maruchi Desideri,0.09451358529231439
Richard Bethke,0.7461824399422379
Richard Persson,0.21529698449249152
Richard Pert,0.8830401936940037
Richard Stalmach,0.09926680805567685
Richard Vedder,0.08746278918318305
Richard Yi,0.18511137102037206
Rick Frischmann,0.9648095049953753
Rick GC,0.13750064530810668
Rinat Jumabayev,0.1195845162480105
Rishabh Chandrashekhar Gokhale,0.08903092065457603
Robby Kevlishvili,0.5985792584691902
Robert Aloma,0.7061698194922716
Robert Baskin,0.6815673537434891
Robert Díaz Villagrán,0.18110720456342835
Robert Gabriel,0.8133055122720456
Robert Hungaski,0.32342284651766073
Robert Kula,0.2760124785221479
Robert L. Hess,0.13535294679912147
Robert Mcligeyo,0.4571636226796724
Robert Piliposyan,0.5944463039726989
Robert Ramirez,0.14080834553953064
Robert Safin,0.40679367464346355
Robert Sava,0.45597507561853723
Roberto Al Avila Bautista,0.041947675471472726
Roberto Carlos Gomez Ledo,0.1994786889959467
Roberto De Abreu,0.0928749204664237
Roberto Junio Brito Molina,0.7067280401254774
Roberto Martin del Campo,0.5976700369444948
Robinson Perez,0.0502760481287574
Rodion Radzhabov,0.5689600344338996
Rodolfos Stamatiou,0.428837550249094
Rodrigo Espinoza Villanueva,0.15111189699215444
Rodrigo Mendoza Acuna,0.07795238623044828
Rodrigo Román,0.342709817165447
Rodrigo Vasquez,0.16740484859378751
Rogerio Paulo Muller Fernandes,0.10374851723449471
Rohan Rajaram,0.7569513722601002
Rohit S,0.22159885927385736
Rohith Krishna,0.06351066106022948
Rohun Trakru,0.6724002915279728
Roman Dehtiarov,0.37908299594634676
Roman Ganzhurov,0.10335932009178488
Roman Gavrilin,0.32924208572491276
Roman Goldin,0.11510328986534238
Roman Jiganchine,0.6096551961670443
Roman Kezin,0.1553483352113692
Roman Komov,0.5088911168243243
Roman Kozelov,0.5238369270628869
Roman Kuzmin,0.3838169793373293
Roman Novoselov,0.3265796469680534
Roman Ovetchkin,0.0625046236150125
Roman Pyrih,0.35257221479420975
Roman Shogdzhiev,0.78926558048742
Roman Shton,0.6507416981382538
Roman Tomaszewski,0.2748936368943439
Roman Yanchenko,0.8194105084057328
Ronaldo Alonso Moreira,0.11482005164812521
Ronan Le Goff,0.46248134324595647
Rosh Jain,0.3672449674636575
Roshan Sethuraman,0.5732489197624513
Roven Vogel,0.2875701827577569
Roza Idrisova,0.09169109472836659
Ruben Akhayan,0.8578424891058823
Ruben Gideon Köllner,0.043874744824021
Rubens Gazineu,0.5139605784603783
Rubén Domingo Núñez,0.017662610874841292
Rudi Olenik Campa,0.12098028387128083
Rudik Makarian,0.2023295544626343
RupeshReddyY,0.17334713952613814
Rushan Bogaudinov,0.2941333111485943
Ruslan Gnechko,0.37908410544518245
Ruslan Kashtanov,0.133421977343428
Ruslan Kavyev,0.4772928233005057
Ruslan Momunaliev,0.2109479661145004
Rustam Khusnutdinov,0.37439387018259507
Rustam Rustamov,0.7475093658982784
Rustem Gorbenko,0.4896538303074308
Ryan Amburgy,0.6976131550207196
Ryan Hamley,0.3319372535085238
Ryo Chen,0.48109107406555635
Rômulo Cardoso,0.52526294838829
S R,0.09370185359376151
S.L. Narayanan,0.27650835903930404
SALVA-DALI,0.3480739559710063
SHAPIRO VIKTOR,0.09534230609874951
Saadat Bashirli,0.3212054360580367
Sabir Umarov,0.07607220182223984
Sabrina Vega,0.63605345619072
Safin Safarullakhan,0.8182375766460751
Sahaj Grover,0.9341278724032124
Sahebali Atanejhad,0.2732983631835133
Sahib Singh,0.8179650940095214
Sahil Tickoo,0.3239151985604277
Sai Krishna G V,0.3015181819719126
Sai Nirupama Kotepalli,0.07012056351432341
Saidakbar Saydaliev,0.4555686165112801
Sakshi Chitlange,0.3920907976077077
Salem AR Saleh,0.18269125185233762
Salomeja Zaksaite,0.3514265134060766
Sam Schmakel,0.25610881121087414
Sam Sevian,0.732513413441956
Sam Shankland,0.6187287566908426
Sambit Panda,0.4823173452377569
Sameer Mujumdar,0.09371666826336365
Sammed Shete,0.08538600324940677
Samuel Fieberg,0.5324482993861496
Samuel Jesus P Goncalves,0.25118739669206935
Samuel Malka,0.02807318232364882
Samuel Zenelaj,0.8886153028027429
SamuelGhimpu2003,0.5292437584100148
Samvel Ter-Sahakyan,0.43913678694576286
San Thit Lwin,0.44915104824602264
Sanan Sjugirov,0.37227465198706033
Sandi Stojanovski,0.22196829735824436
Santiago  Rodriguez,0.27212165773623453
Santiago Avila Pavas,0.639076540884834
Santiago Guevara,0.29219731514633673
Santiago Quiñones García,0.14626138450805767
Sarah Sima Derlich,0.2969845295568268
Saravana Krishnan P,0.448513463438302
Sargis Manukyan,0.4959972102749012
Sargis Sargissyan,0.4586914730498874
Sarp Sahin,0.45343649694550725
Sarveshwaran V,0.3515080314317755
Sasvatha A,0.44867608888138505
Satbek Akhmedinov,0.7816980122361656
Sathvik Adiga,0.9318189973353043
Satria Duta Cahaya,0.9485328014977302
Savitha Shri B,0.33514497800118376
Savva Vetokhin,0.5009439186916218
Sayed Javad Alavi,0.5917430065647185
Sean Senft,0.056319826080215886
Sebasti&aacute;n Mar&iacute;n,0.39335852947240674
Sebastian  Zsombor Peczely,0.5303754184234549
Sebastian Bazzano,0.24303862079396693
Sebastian Mihajlov,0.4424606520650601
Sebastian Półtorak,0.47913414524579656
Sebastien Azar,0.8962763584816781
Sebastien Maze,0.17350476309934207
Semen Kazmin,0.2825726126613982
Semen Khanin,0.6244681515887681
Semen Mitusov,0.6785438804720919
Semen Novozhilov,0.09696298973270585
Semetey Tologontegin,0.1986086546351517
Semyon Puzyrevsky,0.6150897933442667
Senthil Maran,0.7091232730771849
Seo Jungmin,0.029201807836687126
Serafin Moral Garcia,0.15700391193257723
Serban Cristian,0.1516135370008614
Serdar Murat Yildiz,0.9109743229027965
Sergei Iskusnyh,0.6521165573339864
Sergei Ljukin,0.6894272005919295
Sergei Lobanov,0.37560234748153254
Sergei Mihajlovskij,0.5210888693664207
Sergei Zhigalko,0.5397871470248248
Sergey Drygalov,0.4704280193323728
Sergey Grigoriants,0.6327716605471563
Sergey Nefedov,0.8014409599272238
Sergey Rodchenkov,0.27604085016994884
Sergey Sergienko,0.48117200689765605
Sergey Shipov,0.16360112878164598
Sergey Shtyka,0.16937809976684412
Sergey Sklokin,0.6364130241533653
Sergey Slugin,0.30157665919833115
Serghei Gostev,0.5234295956155494
Sergio Barrientos Chavarria,0.363088601074873
Sergio Hernández Leon,0.06178203687457935
Sergio Joshafatt Morales Garcia,0.27011751696656705
Sergiy Zavgorodniy,0.38188612095297697
Serhan Berat Özdemir,0.4766191652179342
Sethuraman S.P,0.3427649127670804
Setu Madhav Yellumahanthi,0.6385093153127568
Seyed Abolfazl Moosavifar,0.8990743494354682
Seyed Kian Ghoreishi Amiri,0.8226569896005431
Seyed Poormosavi,0.026851965869611083
Shaaketh Sivakumar,0.3676170505630649
Shaashwath Sivakumar,0.046836740628339465
Shahdad Teimouri Yadkuri,0.6070076011956185
Shahruh Turayev,0.20163799294904208
Shakhriyar Mamedyarov,0.7225604862571
Shamil Arslanov,0.8824812800599673
Shamsiddin Vokhidov,0.4776374462241881
Shane Melaugh,0.20486274706494187
Shanmukha Meruga,0.286745433866557
Shant Sargsyan,0.3244248213606773
Sharapov Evgeny,0.48395768457108845
Sharath Radhakrishnan,0.6447725934611123
Sharvesh Deviprasath,0.07125964108195484
Shawn Martinez,0.10496804304296256
Shawn Rodrigue-Lemieux,0.5408567790798019
Sherif Khater,0.2764407039126288
ShimanovAlex,0.05917999856545186
Shiyam Thavandiran,0.6359223636850965
Sho Glashausser,0.2620419420195856
Shreyas Royal,0.1288034823261368
Shubh Laddha,0.5707223921724267
Shubhi Gupta,0.48418145652197975
Shukhrat Makhmudov,0.22032623085379432
Shyaamnikhil P,0.3430321651902674
Shyam Gandhi,0.3461854098471644
Siar Yaran,0.6357261050853553
Siem van Dael,0.7073922044193918
Sihan Tao,0.6484250472548803
Silvius Tiberius,0.912186372854148
Simao Poscidonio Dias,0.42943308292676435
Simeon Todev,0.8632098561778216
Simon Lamaze,0.24817550619438394
Simon Williams,0.07838414724377991
Sina Movahed,0.3522631013288646
SirMittensofMittensville,0.28357040635320263
Siva Mahadevan,0.3516618790140734
Sivanesan Nithyalakshmi,0.059033330956470786
Skat2704,0.7511890296078927
Slaven Pastar,0.10047207561024249
Slobodan Filipovic,0.08959827736830414
Sofia Blokhin,0.08787567669675285
Sofia Pogorelskikh,0.17445946074877916
Sofiia Hryzlova,0.09654805412774661
Soham Kamotra,0.34160634179572613
Soltan Muradov,0.23806607955595424
Sondre Melaa,0.341966159196797
Soren Bech Hansen,0.2344511405959632
Sourath Biswas,0.3941368374872898
Sravan Renjith,0.946473246118981
Sreyas Payyappat,0.8327228671598352
Sricharan Pullela,0.03897693933253618
Srihari L,0.5686798382295208
Srihari L R,0.23578299179636283
Srinath Narayanan,0.5356615287715781
Sriram Krishnakumar,0.5527645430250623
Srishti Pandey,0.25245075547672047
Srivastan Karthikeyan,0.5434171710595429
Stamatis Kourkoulos-Arditis,0.30548909933258034
Stanislav Bukreev,0.7053725648125063
Stanislav Kovalevsky,0.6267814870058281
Stanislav Tsyhanchuk,0.17431319337471432
Stanisław Osiecki,0.29855515967141316
Stanley Badacsonyi,0.16756279272462943
Stanoje Jovic,0.5887294681113938
Stefan Eilers,0.050589272088654824
Stefan Mladenovic,0.37911171578220226
Stefanos Kazantzoglou,0.8690890485485061
Stelios Halkias,0.35658055112528797
Stepan Osinovsky,0.11388390897894844
Stephan Becking,0.3480210194382882
Stephen Capp,0.5715907015275993
Stephen Willy,0.7580941737178211
Steve Harrington,0.4818193045335465
Steven Cooklev,0.34346983764650846
Steven Javier Rojas Salas,0.2817625623353536
Steven Zierk,0.9687717344375347
Stöttner Lukas,0.06067613407256829
Sujana Lohani,0.0265026849251907
Suleyman Suleymanlı,0.4623389445352233
Sully McConnell,0.20076209425683475
Sultai Chyngyz,0.4144907014997198
Sultanbeibarys Dumanuly,0.5145459988139967
Sune Berg Hansen,0.0808938605682172
Supratit Banerjee,0.8037144483159118
Suresh Harsh,0.20181245126545155
Susanna Gaboyan,0.09174025457053357
Suvradeepta Das,0.046482034452760036
Suvrajit Saha,0.2689951271739172
Suyog Wagh,0.2516693466812654
Sven Tica,0.15103894221923636
Svetlana Vifleemskaia,0.10275077202438547
Svyatoslav Korneev Leskova,0.11887825877300413
Svyatoslav Lisenkov,0.9257795915604495
Swara Lakshmi Nair,0.8987653502524326
Sweafty,0.06838608328246225
Szymon Gumularz,0.15987226579254626
Sébastien Bouchet,0.09936489395319036
Símon Þórhallsson,0.37419640018572076
Sławomir Kurpiewski,0.11550822332394314
Sơn Đặng,0.4653334475472287
Tabaré Bustelo,0.04205768600258625
Tahsin Tajwar Zia,0.743577802918446
Talaibek Osmonbekov,0.2183945257437941
Talibov Shiroghlan,0.3218132639467336
Tamas Banusz,0.0969892244932496
Tamas-Kristof Balla,0.7815699715026421
Tamaz Mgeladze,0.40293894494601074
Tangi Migot,0.10041088544718502
Tanitoluwa Adewumi,0.6421593152615397
Tanraj Sohal,0.28049705286240856
Tarasova Viktoriya,0.02909584753803594
Tarini Goyal,0.6944062750024191
Tarun Kanyamarala,0.1568093014541959
Tatev Abrahamyan,0.4106467722208137
Tatiana Bogumil,0.0568391452899232
TatjanaVasilevich,0.49587705081443295
Tehni4arce,0.09748045893073898
Teimur Toktomushev,0.8429197670252744
Tejas Rama,0.1915293348146785
Teodora Injac,0.04472527097834557
Terry Luo,0.024090125900535147
ThaKanielOutis,0.0966281050327352
Tharushi T.H.D. Niklesha,0.24715966811133647
The_filthy,0.5230550580751482
Theo Bressy,0.24375986162516866
Theodore Slade,0.3044997217227079
Thomas Bauer,0.15119498493889427
Thomas Beerdsen,0.9504213378264945
Thomas Carroll,0.12758599825561348
Thomas Christensen,0.41809182419724095
Thomas Decker,0.18414315220922978
Thomas Diem,0.36638054804034725
Thomas Eggleston,0.32769181808045494
Thomas Kahlert,0.2578334012168115
Thomas Michalczak,0.553233347555506
Thomas Rendle,0.06494833733320274
Thomas Thiel,0.7622615246933412
Thore Perske,0.09480914353796158
Tiago Batista Oliveira,0.1037909516887821
Tiago Carvalho Mangialardo,0.3718334347743473
Tiago Cunha Navarro,0.47750940476718934
Tigran Mukhutdinov,0.3308146680672419
Tigran Nazaretyan,0.15106854530687233
Tihomir Yanev,0.2523873053827946
Tikhon Popov,0.5996809234474263
Tikhonov Viacheslav,0.5288145666765531
Tim Grutter,0.4605082862287307
Tim Kett,0.8583890726998937
Timofey Iljin,0.9274027363562125
Timofey Smirnov,0.18069844824667913
Timur Gareyev,0.11340502822878
Timur Kocharin,0.3687797974202826
Timur Yonal,0.17496026287153446
Tobias Kölle,0.418832610827425
Tobias Lang Nilsen,0.663114806622509
Tobias Rizzo,0.08721545711564034
Tobias Voege,0.43796631406179676
Todd Andrews,0.3769304926906177
Todd Bryant,0.46242430084549024
Tom Decuigniere,0.7186517952894839
Tom O'Gorman,0.16561263050973338
Tomas Kraus,0.19530762873477597
Tomas Laurusas,0.05344448722310326
Tomasz Jaskolka,0.9074254284414038
Tomasz Mika,0.3459477973909865
Tommi Luukkonen,0.027212921162029734
Tomáš Vaněk,0.3580293836531029
Tor Fredrik Kaasen,0.38291105738114006
Torben Søraas,0.2357337921182264
Trisha Kanyamarala,0.31502474995063473
Tsvetan Stoyanov,0.8270494899857909
Tuan Minh Le,0.5051712409891196
Tudor Henry Edward,0.5340292847666926
Tuna Özateş,0.44177864878193124
Tunahan Makaraci,0.9515692113452696
Turkan Mamedjarova,0.1060386668949439
Tyhran Ambartsumian,0.5230144149348074
Tykhon Cherniaiev,0.9362897714618423
Tyler Tanaka,0.4850672507160132
Tymon Ochedzan,0.49323147802407197
Tymur Keleberda,0.47450086649655515
Tyrell Harriott,0.3009972454633053
UKR_Master,0.16130237605372968
Ufuk Sezen Arat,0.954045199074342
Ugur Doga Yazici,0.38770387336863743
Uliana Dudkina,0.31109890564054804
Ulises Hernández Bermúdez,0.29025982804091005
Ulrich Zimmermann,0.09931550987620333
Umid Aslanov,0.6959522375248867
Umut Erdem Gündüz,0.5606098282459335
Unknown_IM,0.20035329079918301
Uurtsaikh Agibileg,0.2656009804027415
Uwe Kleibel,0.6165391452289336
Vache Hovakimyan,0.22993593803746384
Vaclav Finek,0.4492097457196264
Vadim Bobkov,0.1792430163316877
Vadym Petrovskyi,0.6270831271650465
Vahan Nalbandyan,0.5783495365220949
Vahap Sanal,0.4916013399132918
Vahe Baghdasaryan,0.6599839086517806
Vahe Danielyan,0.20436872640806802
Vaibhav Raut,0.26782710237921237
Vaishali R,0.5964553642256482
Valdis Troņenkovs,0.4922386700865909
Valentin Dragnev,0.9558317913967201
Valentina Golubenko,0.19427825614277763
Valentina Gunina,0.657320091525192
Valentyn Hulka,0.57373422907436
Valentyn Prokofiev,0.26579538400379255
Valeria Viana,0.7662835782238988
Valerie Ruchinskaya,0.24034132940163877
Valerio Carnicelli,0.24019046470000172
Valeriy Grinev,0.2856603085579961
Valery Kazakouski,0.03058750314246405
Valery Skatchkov,0.4433389855308735
Valiantsin Yezhel,0.1337195335375213
Vantika Agrawal,0.06783581450997689
Vardan Danielian,0.12956568352978684
Varun Krishnan,0.6268795590431665
Varuzhan Akobian,0.10317539027852385
Vasif Durarbayli,0.8650006261981854
Vasil Trickov,0.2919774482650794
Vasilii Titarov,0.1286050506326784
Vasiliy Korchmar,0.7095053264510147
Vasily Volovich,0.9344536715515437
Veaceslav Slovineanu,0.7393163952517166
Vedant Goswami,0.096519642429722
Vedant Nitin Vekhande,0.4651004077302807
Vedant Panesar,0.3807386163497357
Velimir Ivic,0.23482448397668848
Veronika Minina,0.06908068643630338
Veronika Shubenkova,0.2089275811909605
Viachaslau Zarubitski,0.24222062227360253
Viacheslav Mikhailov,0.2394944756004918
Viacheslav Rozhkov,0.8658040237368866
Victor Bologan,0.0777875935549516
Victor Labussiere,0.06349125674465926
Victor Mikhalevski,0.2981307752949579
Vidar Grahn,0.23831163857177887
Vidit Gujrathi,0.14162379761954988
Vignesh N.R,0.5494578066351012
Vignir Vatnar Stefansson,0.3553898045090258
Vihaan Jammalamadaka,0.918946966608621
Viktor Berezin,0.07737710559394799
Viktor Dmitrenko,0.39198644952124473
Viktor Ianov,0.04508593038893471
Viktor Neustroev,0.5484863463872204
Viktor Parfenov,0.4663752796706695
Viktor Poddubnyi,0.08967247614569479
Viktor Romanchuk,0.7718494027981283
Viktor Skliarov,0.3545226982529949
Vilka Sipilä,0.21241909906651432
Vilmos Balint,0.2511174428535305
Vince Gergő Turcsányi,0.18417896344508047
Vincent Keymer,0.19406529698227884
Vincent Riff,0.8502865872538601
Vinicius Tiné Martins,0.1441583909705529
Vinzent Spitzl,0.6668251708784945
Visakh NR,0.7090464608167929
Vitaliy Bernadskiy,0.38091173077635687
Vitaliy Garbuz,0.9321386768072518
Vitaly Rodchenkov,0.05913732918257163
Vitaly Teterev,0.14463464962075084
Vitor Ferreira,0.5981628439691015
Vitorio Chemin,0.43995883906777705
Vittorio Cinà,0.19281816859620338
Vitus Bondo Medhus,0.49252219608662734
Vivaan Vishal Shah,0.8872863027410742
Vjacheslav Weetik,0.6113679929938447
Vlad Lymar,0.3881175721539065
Vlada Sviridova,0.2897885779914015
Vladimir Belous,0.05540984520934679
Vladimir Bugayev,0.17835117992439914
Vladimir Burmakin,0.22370351659196436
Vladimir Bychkov,0.03541481490622169
Vladimir Chernikov,0.09108841488985454
Vladimir Damjanovic,0.4500381203272408
Vladimir Demin,0.745493143291451
Vladimir Dobrov,0.382829405592057
Vladimir Fedoseev,0.13022352550769267
Vladimir Grabinsky,0.13961575470354287
Vladimir Hamitevici,0.02113209413013486
Vladimir Mikhailovsky,0.8318627028344501
Vladimir Sakun,0.6267977585811952
Vladimir Seliverstov,0.04903633346216881
Vladimir Zakhartsov,0.19859963985317935
Vladimir Zemerov,0.05421973710775467
VladimirKramnik,0.647682528598547
Vladimír Bochnička,0.23967293034657144
Vladislav Artemiev,0.32476563915474677
Vladislav Efremov,0.25286051371007084
Vladislav Gontcharov,0.10105886099020851
Vladislav Kovalev,0.19885015008125667
Vladislav Voitovich,0.844015811357653
Vladyslav Baziuk,0.7313276868197427
Vladyslav Sydoryka,0.31128551162745216
Vo Quoc Bao Tran,0.47181002576758513
Vojislav Milanovic,0.195607845202207
Vojtěch Plát,0.26246747173451446
Volen Dyulgerov,0.8984677525432406
Volkan Yirik,0.016449506261003992
Volodar Murzin,0.07568039167787322
Volodya Torosyan,0.37935176321665354
Volodymyr Onyshchuk,0.02917042978627309
Volodymyr Vetoshko,0.8258941185256882
Volodymyr Vusatiuk,0.31269531378278204
Volodymyr Yaniuk,0.1336659234900696
Vsevolod Ovchinnikov,0.17791366178788864
Vsevolod Rytenko,0.42878989220648955
Vugar Manafov,0.18418242812722738
Vugar Rasulov,0.502193188629196
Vuk Damjanovic,0.38993750318994247
Vuk Djordjevic,0.7323069704562734
Wagner Guimarães,0.44869658507042287
Walter Cuevas Araya,0.7572125176570553
Wanderlei Lukachewski Junior,0.21789038469469763
Ward Al-Tarboush,0.9264247335824779
Wellington Albuquerque Jr.,0.03011949452559636
Wesley So,0.4234115182971922
Wiktoria Śmietańska,0.03649337220796435
Wilfredo Sariego Figueredo,0.1945944579902119
Willi Skibbe,0.27989758227314027
William Alfaro Caracas,0.13441363825665203
William Coe,0.6217199866918782
William Ferreira Da Cruz,0.08745658330564035
William Graif,0.7465595021161524
William Hernandez Gonzalez,0.24969847312926366
William Olsson,0.09165546001624837
Wilson Morales,0.0485951270746964
Witold Klepek,0.15040457351545328
Wladimir Zampronha,0.7570011904609351
Wojciech Przybylski,0.2741607881811281
Wojciech Śmieszek,0.5859702037962166
WonderChampion,0.2736894743133572
Wouter Terlouw,0.4878257735072359
Xavier Martinez Pla,0.13206601379447083
Xeniya Balabayeva,0.3335520051264396
Xiaobing Gu,0.11310604577258818
Xu Yi,0.7740786545484254
Yaacov Norowitz,0.5749594195135224
Yagiz Kaan Erdogmus,0.9348056027989948
Yago Labussiere,0.01745044310185227
Yahli Sokolovsky,0.07854758295391616
Yair Parkhov,0.6648335948066888
"Yang, Kaiqi",0.2193171153902677
Yaroslav Demchenko,0.7801787868923523
Yaroslav Remizov,0.9779726558508862
Yaroslav Shevchenko,0.5741759203774186
Yasin Emrah Yagiz,0.02815776252753378
Yelfry Torres,0.06358859194074959
Yelyzaveta Hrebenshchykova,0.28904928928042306
Yevhenii Yelisieiev,0.13022571458010226
Yichen Han,0.7238858003396446
Yidong Chen,0.5135779013736473
Yilin Li,0.26494864316671823
Yinn Long Wong,0.4588201352543565
Yoav Milikow,0.23942239710614244
Yoel Estarling Polanco Nunez,0.09815785348499481
Yotam Shohat,0.4923997751145395
Yovann Gatineau,0.42323112922318806
Yudel Romero Arzuaga,0.6234856213750603
Yulia Efremova,0.5644784885607674
Yuliia Osmak,0.07272331143034075
Yuniesky Quesada,0.7649387993068231
Yuri Kozin,0.602777014513919
Yuri Zhizmer,0.7574746709297656
Yurii Khodko,0.8294783614235997
Yuriy Dovzik,0.049360312780155055
Yuriy Kuzubov,0.12795465893765096
Yvain Bruned,0.17042925158497008
ZAHAR HILKEVICH,0.19451465836928009
Zacarias M Ruben D,0.26321315816456886
Zachary Calderon,0.5750289788116222
Zachary Liu,0.2726580953140805
Zachary Tanenbaum,0.9878720501628656
Zahar Efimenko,0.0986491380692078
Zala Urh,0.07358431259924442
Zane Nasir,0.7317358949623851
Zarikovs1999,0.05791985436753182
Zarina Nurgaliyeva,0.5270681081534468
Zarina Shafigullina,0.13199483276125057
Zaur Mammadov,0.9914681072256541
Zaur Tekeyev,0.49357032102549614
Zbigniew Pakleza,0.03701780492845853
Zeinep Sultanbek,0.17704012228950056
Zhamsaran Tsydypov,0.302843571677408
Zhanibek Amanov,0.49546300660015763
Zhaoqi Liu,0.03528646625604354
Zhongyi Tan,0.8171798162186292
Zlatko Lisjak,0.041873202523923736
Zmiyevik2200,0.6804472089684325
Zoey Tang,0.45997350647110113
Zoran Velickovic,0.06823436482538159
Zou Chen,0.2585671806567337
Zozek Salah Mohammed Mohammed,0.3006346696149188
Zsigmond Szajbely,0.4849011840169647
Zsoka Gaal,0.11884895142996524
Zsolt Korpics,0.5635291146182817
Zurab Javakhadze,0.18542586031589176
Zurab Tqebuchava,0.1894523538165557
Zviad Izoria,0.24497372713655033
abelmat,0.4626631544044777
anon102030,0.11022892936799226
anon219,0.6439943793865834
anon481216,0.1862779667242822
anon569,0.24102022372558157
anon6121824,0.6409181948715311
anushurvan graf,0.03819892064001178
asghar golizadeh,0.43217689377178603
bait_or_mate,0.6440140984247482
barte bongo,0.09122731508926459
boris abrashkin,0.15056904830860157
bratkoo,0.6782512501639901
broskolis,0.20255048147647575
buddika amarasinghe,0.21181370545820055
c_r_e_e_p_e_r,0.4848541926243117
champ2005,0.02286962073292082
edison ruge,0.04816418502767826
elamier fathy,0.5522449101962514
esapunov,0.027993306434263888
freshfoodcompany,0.7556370191273041
goofypenguin96,0.7029160371919827
hermionegrangermagic,0.7827989727595974
infinitegiantkiller,0.5832519423106513
kamran SHIRAZI,0.6901270761494186
khoipham,0.16236491649047355
kirillshevchenko,0.40316308247894606
londonkid,0.41489065568220107
malakismayil,0.30890660275314613
mapleaff,0.30830412482674663
mattcolins2025,0.293866706080032
mauro vargas,0.09862303785019175
moshe katzir,0.4715808364007678
natelleka,0.8716621627484266
paradise10,0.22588827859083177
parintele_chess,0.19714370564060624
patzer-reloaded,0.13808336972830826
pawel jaracz,0.17523657669265807
realmadridtv,0.32313940664931023
samarth Rao 1664 Leavud Rating,0.1110248337017021
sau6on,0.473341558889234
scandalgod,0.45255817055471115
shakked tifferet,0.2374887185859666
sofiko tereladze,0.3762393931843472
starplatinum2030,0.7511314920257434
thechesscorner 64,0.23991512783915286
thisunaa,0.07995484820241905
vesal hamedi nia,0.20525433187721687
winniethepooh04,0.3939583355966032
x-0147207515,0.08646517964046566
x-0618534659,0.7614259621426824
x-3704738925,0.17042317292657286
x-3738459472,0.25185805963065655
x-5963514717,0.4070566535123121
x-8127726737,0.2514329265628213
x-9960558865,0.27514393124145387
yaguigor,0.5599611965889839
zbigniew wieczorek,0.06397364728506447
Ágoston Juhász,0.19136628436586695
Álvaro Valdés,0.13494073331067186
Ömer Faruk Özer,0.17728750946650124
İlhan Serhat Salman,0.6134898903816665
Łukasz Licznerski,0.9564008905364784
Štěpán Hrbek,0.6631512222242744
Аrtеm Odеgоv,0.594552366724501
Азат Габдрахманов,0.5143540840708122
Александр Брюхович,0.03750702839024655
Алексей Мокшанов,0.7653071371562952
Андрей Хромкин,0.3912381122349219
Артём Синявский,0.6499832936196868
Валерий Свиридов,0.048431868031835454
Варвара Полякова,0.5386814275942586
Владимир Матвеев,0.036370222788733884
Володимир Михальський,0.08273866254629698
Гор Глиджян,0.5850094165118496
Григорий Гусаров,0.6475813102456826
Гульдона Каримова,0.12403862625399997
Гурвич Виталий,0.546764289243809
Даниил Постников,0.2058731443634194
Данил Найдин,0.2831006363537147
Денис Денисенко,0.7117591356803424
Димитрий Король,0.12257922780229133
Евгений Бурмакин,0.18318370681163465
Екатерина Кабанова,0.05416936039877442
Игорь Князев,0.4974561090576236
Илья Дерябин,0.3312601759309967
Илья Чеклецов,0.15079942522349307
Максим Матюнин,0.5489992354099364
Максим Щекачихин,0.18720676808231235
Маргарита Филиппова,0.7693431500435237
Матфей,0.6092284943337891
Матфей Юрасов,0.6169159426272431
Микола Боднар,0.29028881479526614
Михаил Экдышман,0.12187447759986683
Наталья Зайнуллина,0.07602803174873125
Нечитайло Нікіта,0.06297393103913106
Никита Довбня,0.15849566692951625
Никита Майоров,0.15625571206854755
Николай Гриценко,0.7861438977560603
Николай Оглоблин,0.09206210370339304
Николай Хныкин,0.3427841990755995
Олег Губанов,0.47636920680246975
Олег Кислов,0.8348920828898161
Павел Торопов,0.7772503810685649
Рамиль Садыков,0.3816823670974406
Рамиль Хасангатин,0.626073532330641
Руслан Габдушев,0.06841973961029926
Руслан Пахомов,0.27580657048807944
Сергей Ярый,0.20259115913100736
Соловьев Александр,0.12070407614593755
Спартак Высочин,0.9251951771606557
Феликс Тульчинский,0.4174832752908967
Шубин Кирилл,0.32734203065861806
Эдуардо Гербелли Нето,0.38986593691422256
Эмир Шаршенбеков,0.17878477652011276
Яков Гинзбург,0.911126477431829
Ян Дьомін,0.40883626680732366
אהרן בגראטיוני,0.14154345102066251
