Name,Chaos_Style_Prob
4empechement,0.5857499855747448
AFRUZA Khamdamova,0.8924656886848907
Aadit Bhatia,0.9059787957719939
Aaditya Dhingra,0.41005168546618054
Aakaash Meduri,0.9234140756294753
Aakash G,0.951262329419164
Aansh Nandan Nerurkar,0.6328965177501933
Aaradhya Das,0.891352984452015
Aarav Dengla,0.38358021480582216
Aarav Sinha,0.6153056783245894
Aaravamudhan Balaji,0.7651112920388244
Aarit Kapil,0.6081549385075792
Aaron Bendayan Claros,0.5415015695038243
Aaron Cooper,0.6113119817489263
Aaron Jacobson,0.6125968282871272
Aaron Matthes,0.8179971815134255
Aaron Mendes,0.809438383677589
Abdimalik Abdisalimov,0.6629097127722743
Abdulla Gadimbayli,0.08174312896803103
Abhimanyu Puranik,0.5023424276278472
Abigail Zhou,0.6655091353531966
Abtin Atakhan,0.4678237366248833
Adam Collins,0.18324225424195312
Adam Gibała,0.7736793622111402
Adam Kozak,0.8321564841077415
Adam Kujawski,0.13215669021416449
Adam Mekhane,0.3016690454503892
Adani Clarke,0.9004976538163725
Adar TARHAN,0.5780589436098307
Adham Fawzy,0.27884808821317203
Adham_Hossam2011,0.9263656695694691
Adi Menahem,0.2032179146845301
Aditya Mittal,0.40928770015864685
Aditya S Samant,0.2180424949092552
Aditya Varun Gampa,0.899267960595226
Adnan Sitnic,0.6059546886497307
Adrian Antonio Garcia Garcia,0.5794319281365279
Adrian Gschnitzer,0.6577378588758853
Adrian Martinez Fernandez,0.44902109601797474
Adrian Suarez Uriel,0.38759947450900223
Adán Rios Escobar,0.5717283653902904
Aghasiyev Kamal,0.1698398738201244
Agustin Ambrogi,0.4283491817862399
Agustin Fuentes,0.7428717840921898
Ahmad Ahmadzada,0.4435852620519575
Ahmad Al khatib,0.09386333237685777
Ahmed Kandil,0.6713471264723546
Ahn Hongjin,0.8903333707737431
Aiaru Altynbek,0.9228864931358671
Airat Sadubayev,0.6718001444699258
Aisen Mestnikov,0.39931282056011363
Ajay Karthikeyan,0.09996836363007217
Akeem Brown,0.22508615171693364
Akhmedov_David,0.9309713850713841
Aksel Bu Kvaloy,0.184931098196284
Akshay Borgaonkar,0.6702477584473547
Akylbek2021,0.5078065018158747
Al-Saffar Araz Basim,0.28527627816362555
Alain Fayard,0.6467884232357152
Alain Otero Marino,0.8600551778907187
Alain Prieto Aranguren,0.6645785178862522
Alan Morris-Suzuki,0.7701187372453002
Alan Pichot,0.10376233392628025
Alba De Lomas Busquets,0.5126384979206733
Alban alban1987@hotmail.com,0.655024850259684
Albert Fishman,0.4892702743817977
Alberto Barp,0.20626682487581305
Alberto Fabris,0.49695987985943857
Alberto Guzman Moneo,0.3056614772617537
Alberto Martin Fuentes,0.33273400700565225
Alberto Santos Flores,0.07766643569481355
Aleexeey Sueetin,0.5258736119621281
Alejandro Castellanos Gómez,0.8126354222261651
Alejandro Castellanos Villela,0.746392769423702
Alejandro Cosoi Scherzer,0.42400355117081395
Alejandro Cuellar Montes,0.8874688398776968
Alejandro Domingo Nunez,0.7429554202377091
Alejandro Garcia Garcia,0.6275801655285179
Alejandro González Vega,0.23559106372578092
Alejandro Pacheco,0.704717440827602
Alejandro Uzcategui Rodriguez,0.5446675916728001
Alekhine Nouri,0.9399080268354169
Aleksa Micic,0.33151460884119033
Aleksa Petrovic,0.45648885968437247
Aleksandar Indjic,0.5612164446864686
Aleksandar Topalov,0.6292743083056269
Aleksander Hnydiuk,0.39873058487876284
Aleksander Kumala,0.7790089043401008
Aleksandr Devaev,0.6967748077246908
Aleksandr Domalchuk-Jonasson,0.3135832810806382
Aleksandr Ivanov,0.6977134709250107
Aleksandr Lenderman,0.026221035917744846
Aleksandr Rakhmanov,0.14185454044903267
Aleksandr Shimanov,0.44470495239799546
Aleksandr Usov,0.057319456522258026
Aleksandra Goryachkina,0.1790508229169863
Aleksandra Lach,0.6800837878492689
Aleksandra Maltsevskaya,0.8887165481136646
Aleksandra Tarnowska,0.578315754663237
Aleksandras Jegorovas,0.48934595215607146
Aleksei Belov,0.5052084267806005
Aleksei Pridorozhni,0.4077171810727046
Aleksei Sarana,0.3885293238942914
Aleksey Sorokin,0.23252693047519052
Alen Yeremyan,0.9300937063616015
Alena Nikulina,0.5876088794620327
Alessandro Manzone,0.47414558424098424
Alessio Boraso,0.22679633640390184
Alex Arias Igual,0.39578198653690977
Alex Bullen,0.5577383754200899
Alex Fier,0.9504984935235548
Alex Fishbein,0.09478247558902772
Alex Garrido Outon,0.935893879666251
Alex Goldin,0.4480266992760484
Alex Jian,0.7812592700379188
Alex King,0.07757602285227078
Alex Krstulovic,0.557828402394977
Alex Ostrovskiy,0.46677378657051677
Alex Sahakyan,0.0830721001034144
Alex Truskavetsky,0.6402167893679502
Alex Villa Tornero,0.5179436791258594
Alex Wang,0.5163477347646136
Alexander A. Chernov,0.36546447179492547
Alexander Alexikov,0.4560987188643468
Alexander Donchenko,0.29071910274849033
Alexander Fikiet,0.42259816339107725
Alexander Gelman,0.737020575048867
Alexander Grischuk,0.03966199467285835
Alexander Herbrig,0.2998504154242988
Alexander Hernandez Jimenez,0.2824557263155326
Alexander Jasinski,0.5415117758105323
Alexander Katz,0.9057785049119687
Alexander Khlebovich,0.09810869965346433
Alexander Khripachenko,0.34172980966714883
Alexander Mikhnenko,0.5318243275054911
Alexander Moskalenko,0.12377485629799759
Alexander Reprintsev,0.3130477129748364
Alexander Rustemov,0.1888635830071539
Alexander Spichkin,0.676696169782305
Alexander Suvorov,0.5664343621335078
Alexander Timerkhanov,0.3704635304272676
Alexander Velikanov,0.8166083692717813
Alexander Zlatin,0.21481447960008393
Alexander Zubov,0.2336453199554323
Alexandr A Smirnov,0.5312836088420335
Alexandr Kostiukov,0.41100508054283036
Alexandr Provotorov,0.24887524342531003
Alexandr Triapishko,0.030667775526618552
Alexandra Afanasieva,0.39180225975981403
Alexandra Kosteniuk,0.31427663248832755
Alexandra Obolentseva,0.5437950332061356
Alexandra Prado,0.7513933102096491
Alexandra Samaganova,0.8870345310456026
Alexandra Shvedova,0.8597575183107022
Alexandra Zherebtsova,0.6358262935381734
Alexandre Bouget,0.7998375833003657
Alexandre Qashashvili,0.22442526712673977
Alexandros Papasimakopoulos,0.3554401013189804
Alexandru Calin,0.6528554878570891
Alexandru-Bogdan Banzea,0.15023165634508504
Alexei Gubajdullin,0.7598834314702152
Alexei Kornev,0.3715909822503611
Alexei Saveliev,0.9366070516979133
Alexei Shirov,0.28531455949300283
Alexey Chos,0.6279891587532564
Alexey Dreev,0.01451655650367617
Alexey Evdokimov,0.5250198557972123
Alexey Jarovinsky,0.10883896341851855
Alexey Kislinsky,0.7435938160803788
Alexey Kolmagorov,0.7193844805466598
Alexey Kornyukov,0.605746118959848
Alexey Kovalchuk,0.09012848089276441
Alexey Reshetnikov,0.367667644965004
Alexey Slavin,0.5969157017848425
Alexey Streltsov,0.1511504965999136
Alexey Zhuravlev,0.8069357081773727
Alfeu Junior Varela Bueno,0.635339157816867
Alfie Onslow,0.5613479462843936
Alfonso Llorente Zaro,0.08604112327753836
Alfredo Cecilio Miserendino,0.5279973734221189
Algol Jorajuria,0.5287150522805157
Ali Elier,0.8089834067514922
Ali Farahat,0.2057091308244669
Ali Mortazavi,0.9406082358236032
Ali Rastbod,0.2605608325400373
Alicja Sliwicka,0.6718689084491107
Alikhan Daulet,0.43260970649166747
Alikhan Khazhatuly,0.3545973934695455
Alikhon Avazkhonov,0.726818817062836
Alina Kashlinskaya,0.8055400486887934
Alina Semenova,0.6552744600699054
Alireza Firouzja,0.4812345596410464
Alisa Genrietta Yunker,0.8942738623361043
Aljoscha Feuerstack,0.6238711044736325
Alkhoori Eisa Mohmood,0.6065000850607879
Allahverdi Hamidov,0.23004131565347313
Alma Jaqueline Mora Velasco,0.7665245241193739
Almas Rakhmatullaev,0.9723422473775798
Alon Mindlin,0.24711416239788747
Alopekos,0.569777926745045
Altay Eynullayev,0.5724545255449354
Alua Nurman,0.9770369220264268
Alvar Alonso Rosell,0.7393712639244084
Alvaro Alves De Almeida Junior,0.5190990653961884
Alvaro Bayo,0.3011238592208354
Alvaro Blanco Fernandez,0.4945134859135454
Alvaro Donatti,0.5821694956805983
Alvaro Rodriguez,0.10041919393754709
Aman Hambleton,0.09777103506101867
Amani Alazmi,0.9215797425087917
Ameet Ghasi,0.6448403091700952
Amelia Hernandez,0.5885927640216252
Amgalantengis Enkh-Amgalan,0.45019874541522303
Amin Tabatabaei,0.1621087546246533
Amina Kairbekova,0.7351441687477841
Amir Ali Ghafourian,0.38297326937450393
Amir hosein Kashefi,0.3344627343493976
Ana Kuchava,0.3567105586278522
Anastasia Avramidou,0.6547679320560691
Anastasia Bodnaruk,0.8672760967428342
Anastasia Travkina,0.8196128276144254
Anastasiia Hnatyshyn,0.5334184534641876
Anastasios Mihailidis,0.2566417754584578
Anastassia Sinitsina,0.5764012047194187
Anatole Vlachos,0.6422991529734239
Anatoliy Emeliantsev,0.6870316321296487
Anatoliy Shapkin,0.07462466495304401
Anatoly Bykhovsky,0.532169994815946
Anatoly Donskov,0.7461762516485062
Anatoly Krutko,0.3112200517137521
Anatoly Moskvin,0.610642498950895
Anderson Esmeraldas,0.39789334284589306
Andre Bold,0.26831840584490624
Andre Kunz,0.719852329490852
Andre Mendez Machado,0.7471221626896336
Andreas Brenke,0.5461190537394416
Andreas Mende,0.5915602406916055
Andreas Skotheim,0.2626024220701255
Andrei Belozerov,0.305945338202127
Andrei Ioan Trifan,0.14493093497659837
Andrei Macovei,0.5195801231642921
Andrei Negrean,0.37702272442486995
Andrei Olhovik,0.48103539553412134
Andrei Purygin,0.18269624616890884
Andrei Shishkov,0.056706961003021784
Andrei Skvortsov,0.3266275994141057
Andrei-Mihai Bonte,0.3593828947178932
Andrej,0.8851967055560881
Andres Carrasco Miranda,0.37722446900721773
Andres Ferriz Barrios,0.9013965824288148
Andrew Green,0.37679224070142625
Andrew Hong,0.7017415652844596
Andrew Jing,0.6088460207322022
Andrew Tang,0.9272355079827899
Andrew Titus,0.4296958078101566
Andrew Wu,0.7659417796972361
Andrey Drygalov,0.41391504436764104
Andrey Esipenko,0.813412631357477
Andrey Gonzalez Zharikov,0.20228408799436565
Andrey Gorovets,0.35780065283067713
Andrey Ivanov,0.8996783258257828
Andrey Klymchuk,0.3130192754934068
Andrey Levitskiy,0.3563524329722676
Andrey Marcelo Souza Neves,0.2189243265062149
Andrey Rychagov,0.5074584030292233
Andrey Tsvetkov,0.9465563064721303
Andrii Palchuk,0.4526684821249399
Andrii Vachylia,0.8232341085937852
Andriy Diachek,0.10554333266674235
Andriy Prydun,0.5141343305700056
Andrzej Krzywda,0.7342270013699556
Andrés Delgado,0.3632083283305673
Andy Woodward,0.9558925682580787
Angel Gabriel Cordoba Roa,0.24417347345335108
Angie Garcia,0.6247817963805536
Anil Berk Erdogan,0.44448328006249016
Anish Giri,0.21619493422348626
Ankush Khandelwal,0.7417991427562013
Anna Cramling,0.6837425619291047
Anna Jakubowska,0.7910875958014818
Anna Kubicka,0.7521801573420516
Anna M. Sargsyan,0.8259235293442085
Anna Shukhman,0.4415189041655669
Anna-Maja Kazarian,0.9426531116358727
Anthony Atanasov,0.6693525390510052
Anthony Wirig,0.1942252388866174
Antoine Bournel,0.6350806862880417
Anton Barash,0.6047427565160961
Anton Demchenko,0.390715416855155
Anton Isajevsky,0.42425423019896213
Anton Karpenko,0.4958739756155971
Anton Korobov,0.6174572999209873
Anton Vasilenok,0.6985086988045678
Antoni Kozak,0.473925157214414
Antoni Szustakowski,0.8775667070903037
Antonin Ferey,0.6483505584267301
Antonio Arencibia,0.7397963052572655
Antonio Carlos Bambino Filho,0.4775795467580372
Antonio Lopez Del Alamo,0.5915025199994798
Antonio Naranjo Moreno,0.5645446023111595
Antonio Pedro Freixial Vasques,0.5460727172135299
Antonio Ruperez Benito,0.35735759323920907
Antonios Gkavardinas,0.2094507789245461
Anusha Subramanian,0.8160384348863976
Anysia Thomas,0.5844632152935912
ApacheSVD,0.4711285618154384
Apoorv Kamble,0.7991561354028158
AradNazari,0.4094827359605969
Aradhya Garg,0.03841778905035612
Aram Hakobyan,0.11296872588383748
Aran Köhler,0.5540382483401306
Arash Tahbaz,0.38152578074707727
Aravindh Chithambaram,0.59035148964685
Aref Vasli,0.18027765114208238
Ari Guz,0.705473023445937
Ari Kiremitciyan,0.10926239354969117
Arian Baradaran Tamadon,0.88158521322324
Ariel Nicolas Tokman,0.18026057290081896
Arina Kiseleva,0.6087576193992261
Arjun Adireddy,0.504878001431412
Arjun Erigaisi,0.6714621641140935
Arman Erzhanov,0.28963195335813
Arman Geivondian,0.46691680151419435
Arman Ghevondyan,0.3882081687576947
Arman Mikaelyan,0.42802814228363334
Armin Kekic,0.19440811784973439
Armin Mušović,0.42865362510716815
Arnaldo Jesus Fernandez De La Vara Mulet,0.28267589112571506
Arnold Essing,0.4910842709402662
Arnold Mayeregger,0.7132046696112755
Aron Pasti,0.8088632889218903
Arsal Gardezi,0.6040761170225439
Arsene Kukhmazov,0.1657511824844173
Arseniy Astafurov,0.18710007288563135
Arseniy Nesterov,0.5104461606630125
Arseny Alavkin,0.4794649188804766
Artak Manukyan,0.14173742655333738
Artem Alek Fedorov,0.8002216589804633
Artem Bardyk,0.05480741015832165
Artem Chernobay,0.9123308613369137
Artem Dyachuk,0.9504113220714295
Artem Galaktionov,0.32352044188667434
Artem Gulevich,0.6192277648625905
Artem Koval,0.35306110391731954
Artem Legenya,0.555749918326978
Artem Omelja,0.4579912949900803
Artem Sadovsky,0.3007344346920424
Artem Timofeev,0.20227098738807636
Artemii Khanbutaev,0.6196309531186873
Artemiki Lebedev,0.2628341195618271
Artemy Gogolev,0.39432518202986094
Arthur De Winter,0.5769513033963747
Arthur Lucas,0.2270389705806238
Arthur Muromtsev,0.9023669202577178
Arthur Olinto de Souza,0.55844394441708
Artin Ashraf,0.7085890834319181
Artiom Samsonkin,0.4697535713633961
Artiom Stribuk,0.29751097632939905
Artur Dilmukhametov,0.7232054864999384
Artur Gabrielian,0.3901908514909125
Artur Tin Lun Dai Lima,0.4769905624276302
Artyom Bogdanov,0.298609330257924
Artyom Manukyan,0.766565365395117
Arush Chitre,0.9464867808760016
Arvids Andrejevs,0.7883426223624923
Arvind Jayaraman,0.21022141322843133
Aryan Tari,0.3157760761821696
Arystanbek Urazayev,0.3292117424384271
Asa Hoffmann,0.5598124229881724
Ashot Nadanian,0.31440061686652354
Ashritha Eswaran,0.7477673518819501
Asish Panda,0.8103560861011431
Aslan Aitbayev,0.5682508602731263
Assel Lesbekova,0.4115914469061265
Assel Serikbay,0.6095007619202103
Aswath S,0.2536096275549288
Asylbek Abdyjapar,0.8082356654444286
Atanas Dimitrov,0.8792595947437694
Atilla Eynullayev,0.6708854072922448
Atousa Pourkashiyan,0.36318670660216024
Attila Jr. Forgacs,0.6175581407275723
Attila Turzo,0.2551736125380463
Augustin Droin,0.7743871832930445
Augustinas Bazilius,0.2259356715407065
Aung Thant Zin,0.4833954577361371
Aurelio Vila Dupla,0.4857738627704354
Austin Mei,0.6451383797405041
Avi Kaplan,0.8887515889311113
Avital Boruchovsky,0.19329399126993416
Axel Bachmann,0.5018239375894264
Axel Delorme,0.06077716301102405
Ayan Allahverdiyeva,0.9219526349056579
Aydin Suleymanli,0.935278949750141
Aydin Turgut,0.9707657928924858
Ayrat Vafin,0.2929285293499949
Azer Mirzoev,0.07646075497293436
Aziz Degenbaev,0.8849397925066624
BOZNENA PIDDUBNA,0.5133723243244976
Baadur Jobava,0.3624064037573954
Babageldi Annaberdiyev,0.40138654849019223
Bach Ngoc Thuy Duong,0.3630458456700592
Bahadir Ozen,0.10826531803382469
Bahadur Khodzhamkuliev,0.5239400268945327
Baira Kovanova,0.7291635566625126
Bakhtiyar Askarov,0.631702254943806
Bakhtiyar Nugumanov,0.4546545164508949
Balaji Daggupati,0.8086138347357814
Balázs Csonka,0.09311378089658537
Bao Nghia Dong,0.888608610194152
Barad Yeganegi,0.4883701976858159
Barbara Skuhala,0.8948188299921048
Bardiya Daneshvar,0.6732102954782376
Barnabas Kovacsy,0.18204845079084916
Bartosz Przybylski,0.715027916864003
Batuhan Özen,0.6594873243031483
Bayastan Sydykov,0.7247405112778741
Beksultan Moldagali,0.3682513201832654
Belka1989,0.39666009132335733
Ben Finegold,0.3052223933598053
Ben Johnson,0.4649993618200553
Bence Pribelszky,0.8710064413512993
Benedikt Dauner,0.2631792866820307
Benedikt Huber,0.5759533381224589
Benik Agasarov,0.30779304325133167
Benjamin Bok,0.10997994305654604
Benny Aizenberg,0.758617557610574
Bernardo Vainzoff Sztokbant,0.2663408668315235
Bharath Subramaniyam.H Harishankkar,0.8468531700179793
Bianka Havanecz,0.6894169048179591
Bibisara Assaubayeva,0.5352107011214347
BikingBrian,0.5412808626503629
Bilel Bellahcene,0.08467583360305289
Bintang Rasyid,0.3747882743001081
Björn Andersson,0.7558419756037598
Blanka Ejsymont,0.7010114858962548
Blaz Bratovic,0.6048666818434452
Blazej Grot,0.6413100209492683
BobbyFischer1508,0.6635401851039773
Bobur Sattarov,0.40594971436005123
Bogdan Belyakov,0.18447739323603868
Bogdan Daniel Deac,0.06818369341579665
Bogusz Piliczewski,0.45833235690828056
Bojan Maksimović,0.21037520588709788
Bojan Todorovic,0.4545939737703938
Boris Bruned,0.514778702878899
Boris Ferrufino,0.8169284007597917
Boris Grachev,0.019606725362689332
Boris Savchenko,0.8208395096183396
Boris Stankovic,0.871839352600768
Bovie Mei Liu,0.753484021123338
BozeKat,0.6173144824951244
Brahian Diaz Herquinio,0.6742711336427645
Brandon Jacobson,0.240581790077904
Brett Passen,0.5796256511648302
Brewington Hardaway,0.6528128196620256
Bruno André Leite Martins,0.35745248567308197
Bruno Morado Rodrigues,0.5047726867221217
Bryan Enming Lin,0.36258582874021095
Bryan Weisz,0.8267980225572898
Bryan Xie,0.6931330593481544
Bulat Mirzanurov,0.8468650322571806
Burak Firat,0.6419210917998173
Burak Ozalp,0.6110600402007558
Buyankhishig Batpelden,0.7434653483414987
Byambaa Uyanga,0.8101069955506726
CAMPO ELIAS GUZMAN,0.5960903688939122
Caio Poeta,0.6300645196295697
Caleb Levi,0.29352249111315915
Calin Gheorghiu,0.6711679151488218
Camilo Corredor Castellanos,0.47096527154647516
Carles Martín Barceló,0.23031755396320822
Carlos Alberto Gallegos Diaz,0.2817709989598152
Carlos Alvarado,0.46929208471905354
Carlos Andres Obregón,0.7611221506616239
Carlos Andres Perdomo,0.4627299333910154
Carlos Daniel Albornoz Cabrera,0.3880747260673054
Carlos Eduardo Cardozo Munar,0.49772829832321086
Carlos Martins,0.744402367133754
Carlos Morales,0.7692972184882324
CarlosjPineror,0.22286122740567865
Casper Liu,0.7380510159780205
Cedric Chassard,0.2454538943038302
Cem Kaan Gokerkan,0.29165431638190104
Cengiz Hasman,0.8820648629032833
Cervantes Landeiro Thalia,0.7972824267680432
Cesar Ugarte,0.496106419219499
Chamal Gedgaf,0.6233341706412691
Chanchal Kumer Ghosh,0.8606374233355518
Charles Storey,0.207843816403267
Chelsie Monica Ignesias Sihite,0.9109080028590343
Cherry Ann Mejia,0.0854754264358624
Chesswizard_2007,0.5853018947086925
ChessyInstinct,0.4142498826364144
Chris Baker,0.41432467592582006
Chris L Chambers,0.46332465109173765
Christian Almeida do Nascimento,0.5200659908157137
Christian Gian Karlo Arca,0.5376198821753396
Christian Koepke,0.4878158014234331
Christian Polster,0.6603233716749173
Christian Silvestre,0.527295045813174
Christian Stevens,0.06086742151390371
Christiansen Sava,0.44908209287206524
Christof Sielecki,0.05117116841138194
Christopher Chabris,0.6825089679343689
Christopher Guzman,0.7583781578647837
Christopher Pace,0.5902022656449917
Christopher Woojin Yoo,0.10847957348378583
Christos Krallis,0.35087205905604096
Cindy Qiao,0.8757067197143744
Claudius Gottstein,0.18433185522708512
Clemens Rietze,0.8918548615502366
Clement Cristian Daianu,0.69468817016534
Coachpoker,0.6805598292724275
Collin Colbow,0.2833383135853006
Colombiano07,0.38969290524164174
Conrad Holt,0.15265181611116305
Conrad Thake,0.7180633571601596
Cptn2,0.6133529235731403
Craig Clawitter,0.5184544862834313
Cristhian Montero,0.22063839803833477
Cristhian Portal,0.8056640698803349
Cristi Machidon,0.17590558519923066
Cristian Adrian Dolezal,0.38304961894299994
Cristian Robledo,0.6585555769880551
Cristian Sanhueza,0.2098780842950255
Cristian Silva Lucena,0.49256591690913715
Cristiano G Souza,0.6111416998461103
Cristobal Henriquez,0.5711823623343143
Cumali Unver,0.15535401398924475
Cyrielle Monpeurt,0.9015100140656009
César Augusto Blanco Gramajo,0.3470170221379156
Dachey Lin,0.8005957142928638
Dalton Perrine,0.33952072038001974
Damian Lewtak,0.1723531367543099
Damian Śliwicki,0.8648840648675458
Damir Ismagilov,0.25062387998747065
Dan Herman,0.3574539960701406
Dan Shapiro,0.6225823389055478
Dana Tuleyeva-Aketayeva,0.4072492256481037
Daniel Aguiar De Sousa,0.6980954713252222
Daniel Barria,0.3598089977619946
Daniel Beniosev,0.8327360767401222
Daniel Centron Antuna,0.4742007767845638
Daniel Chan,0.9764465308462953
Daniel Cremisi,0.44280129393528733
Daniel Dardha,0.5586929513374571
Daniel Garcia Ramos,0.4147368078812928
Daniel Girsh,0.7791716423340844
Daniel Gormally,0.35637434562377834
Daniel Gutiérrez Olivares,0.7866915096454263
Daniel Kopylov,0.17754628066667155
Daniel Marcolino,0.4518904944396088
Daniel Melamed,0.06897983085743511
Daniel Naroditsky,0.2872771954014998
Daniel Pinto,0.1004485590386113
Daniel Rangel,0.8436817233471153
Daniel Ser,0.8457450999373961
Daniel Taboas Rodriguez,0.12605191786452125
Daniel Tabuenca Mendataurigoitia,0.5104854191348879
Daniel Teidi Awoki,0.18279730079206064
Daniel Titichoca Daza,0.9199371868752181
Daniel Yedidia,0.22285542331281083
Daniil Dubov,0.20340575195354513
Daniil Lintchevski,0.02567941413858562
Daniil Manelyuk,0.8741976931502629
Daniil Plyasunov,0.38511264302752124
Danila Bilan,0.12144088194550959
Danila Poliannikov,0.1889560012412693
Dantelle Joubert,0.40828641346245975
Danyyil Dvirnyy,0.19462040551049203
Daouda Ethmane,0.6683130521029091
Daria Yurasova,0.4810907570910955
Daria Zaichenko,0.771938762585614
Darius Viškelis,0.23127791553551882
Dariusz Bieliński,0.23062344037664997
Dariusz Swiercz,0.031252016925996065
Darko R Mitrovic,0.28341140861647757
Darvi Abraham Crispin Ferreras,0.44875200938027665
Dashgyn Ibadov,0.5563529860803159
Davi Sulzbacher,0.47000955013947665
David Alexandru,0.6742225128555143
David Anton Guijarro,0.32065274762218643
David Bernat,0.38136970733596737
David Blanco Diez,0.31306020793337364
David Brodsky,0.523352604619131
David Gasparyan,0.876659278269757
David Gavrilescu,0.8554948231592533
David George Samir,0.8931058261366678
David Gorodetzky,0.40471309122232657
David Haydon,0.7343946600267495
David Howell,0.17954493188249016
David Kalashian,0.18854341324700097
David Levine,0.3801970871301266
David Martinez,0.401214972482581
David Navara,0.022725228343004965
David Okike,0.8820887206545333
David Paravyan,0.05563412571072379
David Rodríguez López,0.16599997643772077
David Sh. Gevorgyan,0.8226417249291362
David Shapiro,0.16225231862933318
David Temirkanov,0.5707235353762731
David Torres Domínguez,0.32393425496079986
David Zakarian,0.4409590333542882
David Zhurbinsky,0.9456342293348102
Davis Zong,0.515640397862926
Dawid Czerw,0.8245506176327178
Dawid Janaszak,0.8598496018218953
Dawid Niekraś,0.2227104211813594
De Silva L.M.S.T,0.8854310489195607
Deepak Aaron,0.9245350775281029
Deepweb2020,0.6269633187288572
Dejan Djordjevic,0.8055672751035917
Dejan Jakovljevic,0.5948390856457564
Dejan Tasev,0.8179776850612713
Denes Boros,0.45970172102434137
Deniel Causo,0.5548055784936856
Deniel Safarov,0.9678466819610353
Denis Garrido,0.6491198342238681
Denis Khismatullin,0.2126249507791247
Denis Kovalev,0.25245507290453767
Denis Kozlov,0.11382370884616108
Denis Lazavik,0.18791336276935683
Denis Makhnev,0.3867149632643953
Denis Pershin,0.7685574862779624
Deniz Arman,0.21722071102596577
Dennis Wagner,0.2786883649563361
Derek Wu,0.6194391209896885
Derlei Alex Florianovitz,0.6042941714127916
Dev Shah,0.39335949980608637
Devina Devagharan,0.8633634990573847
Devindya Oshini Gunawardhana,0.9143716381506424
Dewar B. Feliz Dotel,0.4591587760456807
Deysi Cori,0.5899709979187764
Diana Mirza,0.6350132174012411
Diana Preobrazhenskaya,0.9134094551109817
Diego Adla,0.09501553074534501
Diego Berardino,0.56165028080484
Diego Carbone,0.4010452093244825
Diego Flores Quillas,0.3684499028007818
Diego Garcia,0.9297317483592721
Diego Zilleruelo,0.7280585747261237
Dila Baloglu,0.8279203711393173
Dimitar Mardov,0.6158909847194372
Dimitrios Vazelakis,0.6352516902834313
Dimitris Alexakis,0.1322777977779149
Dimitris Makridis,0.6015615987850866
Dina Belenkaya,0.7381837520954286
Dinara Wagner,0.6779799083321392
Dinesh Rajan M,0.4992617199507151
Diogo Duarte Guimaraes,0.16577956201566985
Dion Krivenko,0.2274538058483362
Dion Su,0.8346168809561864
Dirk Troltenier,0.23434497072986443
Djuro Skaric,0.8448489253509518
Dmitrii Marcziter,0.5730613255094066
Dmitrij Kollars,0.23129632897767674
Dmitrij Skurikhin,0.5343452653922329
Dmitriy Bocharov,0.586270814283863
Dmitriy Kushko,0.2798063887715528
Dmitry Andreikin,0.0517877718182669
Dmitry Frolyanov,0.3389528970452481
Dmitry Gordievsky,0.443978866489197
Dmitry Gurevich,0.0874641357279887
Dmitry Kirillov,0.5411931144150708
Dmitry Kononenko,0.43230506332171836
Dmitry Kryakvin,0.07436766878784119
Dmitry MIschuk,0.07219671631961914
Dmitry Maximov,0.972004748341417
Dmitry Minko,0.6178525453045639
Dmitry Petukhov,0.4695341214601342
Dmitry Ponomarev,0.3408206304034083
Dmitry Rostovtsev,0.13494740232280605
Dmitry Semenenko,0.5085474548284963
Dmitry Sumaneev,0.15973041923321304
Dmitry Tatarinov,0.6792944890291143
Dmitry Vyatkin,0.747649202876483
Dmitry Zacurdajev,0.5613544282082351
Dmitry Zenin,0.3104375547880629
Dobre Claudiu Cristian,0.15747183476009138
Dolzhykova Kateryna,0.5323643944474917
Domantas Klimciauskas,0.3368198213391367
Dominick Orzech,0.5174971504521054
Dominik Horvath,0.7673443352926407
Dominik Marczuk,0.7735671556067352
Dominique Myers,0.8730931547499342
Donát Daróczi,0.8467429751854227
Dorian Kang,0.8127434758323769
DrMamaliga,0.6076447934480707
Dragan Popadic,0.7452666443371203
Dragomirescu Robin,0.15845562881641811
Dragos Ceres,0.5200158758695154
Duc Minh Lai,0.7857722146943731
Dumitru-Daniel Dinu,0.6627350569087781
Dushyant Sharma,0.735247683513171
Dávid Haszon De,0.2504273165410457
EREBUNI91,0.3080436634379085
Edgar Hayrapetyan,0.7170884654523391
Edgard Vinicius Zanette,0.16575696458712708
Edgardo J. Almedina Ortiz,0.444487649349512
Ediz Gürel,0.9645802026575664
Edmund C Player,0.46429322688737856
Eduard Ashiev,0.5456454989079966
Eduard Kanter,0.2024838249643882
Eduardo Barbosa Mesquita,0.9645894646084165
Eduardo Iturrizaga Bonelli,0.7509913678498956
Eduardo Marra,0.588084977148198
Eduardo Mendez Fortes,0.9368903131766514
Eduardo Muzzi,0.647770189018136
Eduardo Peralta,0.5439312079191246
Edvin Trost,0.5054020598075777
Eelke De Boer,0.7906150169789148
Eesha Karavade,0.2604959916193222
Egor Baskakov,0.8911679462246859
Egor Bykov,0.37474010654924345
Egor Koshulyan,0.9726778693462798
Egor Kurchenko,0.9251006341746134
Egor Lashkin,0.5517518269448887
Eivind Grunt Kreken,0.7426924603362067
Ekaterina Borisova,0.24084811675561496
Ekaterina Goltseva,0.406225097919268
Ekaterina Miroshnik,0.9152911932499437
Ekaterini Pavlidou,0.7029515041297449
Eldiar Orozbaev,0.5803975727474415
Elham Amar,0.36039708055197595
Elijah Logozar,0.9284773563392488
Eline Roebers,0.9300784588679113
Elis Denele Dicen,0.8271981322408877
Elliott Winslow,0.4422163417481805
Elnaz Kaliakhmet,0.7536146692287982
Elnur Aliyev,0.23205842421590553
Eltaj Safarli,0.018975901687484413
Elvin Wilson,0.621908906871414
Emanuel Vaglio,0.7298165898509715
Emerson Veiga,0.903025051772963
Emilia Dyalog,0.6546072144493873
Emilia Sprzęczka,0.9055689781419982
Emilia Zavivaeva,0.7215931237007842
Emilio Cordova,0.2532290525263289
Emilio Hernandez,0.54886523296846
Emin Ohanyan,0.334116460888555
Emre Mecit,0.19003217326444957
Enes Tanriverdi,0.476546173703861
Enkhrii Enkh-Amgalan,0.5486859878368062
Enrico Vianello,0.503595163386714
Enrique Butti,0.5782315144678775
Enrique Fernando Asensio Ramos,0.34621727329602486
Enrique Fonseca Manrique,0.6760617560418376
Enrique Tejedor Fuente,0.3702514937309418
Enzo Federzoni,0.8072442732007022
Enzo Ferrara,0.7579277518895685
Eray Kilic,0.5002873995146979
Erez Kupervaser,0.5245406614778289
Eric Hansen,0.4874716385205858
Eric Hon,0.416616787684666
Eric Liu,0.7988448706168069
Eric Rosen,0.2563299588556511
Erick Zhao,0.9295382383934339
Erik Blomqvist,0.5493266713128839
Erik Golubovic,0.2869429918825929
Erik Rönkä,0.9343281575101816
Erik van den Dikkenberg,0.9047226594180169
Ermes Espinosa Veloz,0.7049496065410775
Ernesto Javier Fernandez Guillen,0.778122622998105
Ernesto Real de  Azua,0.06929403780937068
Ervin Ozkan,0.22554495775236144
Erzhan Zhakshylykov,0.29715586400128957
Esper Van Baar,0.14063631619564357
Ethan Saya,0.1444453345846787
Ethan Sheehan,0.040453184582058946
Etienne Bacrot,0.19881319821493157
Ettore Stromboli,0.4493240814976218
Eugene Yanayt,0.8857763116432193
Eugenia Karas,0.5619358578674398
Evan Ai,0.3566488302740128
Evan Rabin,0.33413062798301957
Evan S. Rosenberg,0.27824146206447525
Evandro Amorim Barbosa,0.679345939229014
Evelina Zavivaeva,0.509625
Evgeni Krasilnikov,0.36053233522084654
Evgenij Kretov,0.8512340119220095
Evgenij Novikov,0.7103944597149103
Evgenij Shuvalov,0.3919824474252601
Evgenios Ioannidis,0.10399551661208914
Evgeniy Najer,0.4369397099227729
Evgeniya Doluhanova,0.3800379570293737
Evgeny Alekseev,0.1594663561903192
Evgeny Degtiarev,0.12762108856817014
Evgeny Egorov,0.574736684589754
Evgeny Ermolaev,0.22848929682128785
Evgeny Melikhov,0.12950673340858015
Evgeny Postny,0.325443028298861
Evsuld Myagmarsuren,0.7606555881618751
Ewa Barwinska,0.724224646508538
Eyal Noy,0.5183779854294588
Eytan Rozen,0.6361266930900842
FAUSTO CASTELLA GARCIA,0.2592543139634091
Fabian Fiorito,0.8658384836935813
Fabian Vivas,0.3902095291921403
Fabiano Caruana,0.4614516922940245
Fabio Colonetti,0.48509328457071116
Facundo Vazquez,0.49503346813973204
Farid Mustafayev,0.6357868864413802
Farid Orujov,0.47478733446111565
Farzad Bolourchifard,0.3181527641008304
Faustino Oro,0.9041548386447855
Federico Perez Ponsa,0.21158757255219998
Federico Sellitti,0.5806780406147846
Felix Hindermann,0.46734900703565285
Felix Ilinca,0.8499649968810609
Felix Kuznetsov,0.9651430393835192
Felix Meissner,0.41293672655880015
Felix Rose,0.44395274688903774
Ferenc Jr. Gombocz,0.6881207204877038
Fernando Bolaños Soza,0.600821527005992
Fernando Broca,0.3625949583039885
Fernando Díaz,0.7690985786229685
Fernando López Gracia,0.47922576556854535
Fernando Mata,0.8769784314363849
Fernando Valenzuela,0.9226186594223877
Fidel Corrales Jimenez,0.5269509807958416
Filip Boe Olsen,0.23266122433557918
Filip Dowgird,0.3333986670251551
Filip Haring,0.22107828696232001
Filip Ochedzan,0.3419950495238421
Flavio Wisniacki,0.30358122168550816
Florescu Codrut Constantin,0.6514578610279889
Florian Gatterer,0.337633815469189
Florian Jenni,0.1356426848457191
Floryan Eugene,0.8967600843828787
Flávio Bezerra,0.4174544620062477
Francesco Bettalli,0.6692327644094344
Francesco Sonis,0.7434530143795561
Francisco Ferrari Pironti,0.6977248725280889
Francisco Fiorito,0.5080962998703749
Francisco Javier Muñoz,0.5195408212278824
Francisco Orantes Taboada,0.20893141437866705
Francisco Silva Gonzalez,0.4947428164418993
Franciszek Sernecki,0.18467241202590956
Franck Steenbekkers,0.737239742211413
Franco Manteiga,0.3394871528594375
Frank Buchenau,0.1283351206937748
Frankie Badacsonyi,0.13774955204086312
Frederick Waldhausen Gordon,0.38515919892569533
Frederico Matsuura,0.18616868329038302
Frederik Svane,0.3207526350117749
Frode Elsness,0.7392657858052436
Fruzsina Szente-Varga,0.9430732992658726
Fy Antenaina Rakotomaharo,0.5522028658515321
GERARDO MARIN,0.5010944399350649
GIRINATH PDS,0.5544025559758956
Gabor Nagy,0.9510269868090624
Gabriel Carckeno Do Carmo,0.6905303733546362
Gabriel Gonzaga Garcia,0.2941948911004254
Gabriel Gähwiler,0.1885522237963046
Gabriel Lenoir,0.5942262248051147
Gabriel Petesch,0.6546126192651821
Gabriel Voiteanu,0.3486318688173914
Gahan MG,0.08449434701088146
Gaioz Nigalidze,0.38759276776564655
Galina Novikova,0.9782585729189744
Gara Balajaev,0.561087739582548
Garnik Nersesyan,0.22731501172494228
Garrett Smith,0.5159028673027592
Garv Gaur,0.730269953165374
Gary Leschinsky,0.5673163742081978
Gasan Guliev,0.23328559041112218
Gastón Martin,0.693911638562499
Gata Kamsky,0.016392854345307285
Gaurang Bagwe,0.875568894741361
Gawain Maroroa Jones,0.2858851840222071
Gellert Karacsonyi,0.4794030475211873
Gennady Kozlov,0.6230915139822832
Geordie Derraugh,0.7193978293794914
Georg Seul,0.44955866168309583
Georg Von Buelow,0.5194983107221169
George Danzer,0.6113594211535414
George Stoleriu,0.14558872891298053
Georgi Orlov,0.1958143410999416
Georgijs Germanovs,0.5857030147621858
Georgios Alexandros Kouskoutis,0.17460191851904772
Georgios Kanakaris,0.07071193848500708
Georgios Souleidis,0.43287869799760176
Gerardo Antonio Gracia Alvarez,0.23625424258906
Gerardo Fernandez,0.5119014478240177
Gergana Peycheva,0.8398178305757323
German Bazeev,0.020266810929114788
German Spata,0.11030974660762623
Germán Della Morte,0.740950649829826
Gerodot71,0.801875527338456
Gerson Príncipe,0.3982993242309452
Gevorg Harutjunyan,0.136662990695619
Gianmarco Leiva,0.10607821336394915
Giannis Kalogeris,0.7090057950235705
Giga Quparadze,0.3541241893654602
Gil Popilski,0.3178121686748069
Gilbert Elroy Tarigan,0.027291703671746943
Giorgio Belli,0.4142224627686272
Giovanna Arbunic Castro,0.7447302620294436
Giovanni B Tavares Da Silva,0.524680290963596
Giovanni Marchesich,0.6817552351079763
Girish Koushik,0.11842096296594593
Gisela Roque Sola,0.4855356672760308
Giulia Sala,0.8121994381416766
Gizem Olcayoz,0.6050946940349398
Glaucio Cella,0.35800786497902487
Gleb Dudin,0.6552830945705075
Glek_Igor,0.48958801069465413
Gloomy_Wanderer,0.24981436171352533
Gnel Melikyan,0.07165548071822085
Goltsev Dmitry,0.3228394473114027
Gonzalo Navarrete,0.6776240628251596
Graham Horobetz,0.36714296335984714
Grayson Rorrer,0.8117704867778558
Greg Shahade,0.3156998271826451
Grigor Dilanyan,0.8073774885992979
Grigor Grigorov,0.05495939484636364
Grigoriy Oparin,0.27728865639682426
Grigoriy Sharankov,0.10562330927296068
Grigory Seletsky,0.45511308067980727
Grzegorz Kopacz,0.7004473875770857
Grzegorz Nasuta,0.16550134076661038
Grzegorz Toczek,0.495969993947444
Guadalupe Montano Vicente,0.23392012882640406
Guerau Masague Artero,0.26115921139403964
Guillermo Baches Garcia,0.39757818334321454
Guillermo José Llanos,0.6614110826736891
Gukesh D,0.7948896242159658
Guliskhan Nakhbayeva,0.3872383519828909
Gulrukhbegim Tokhirjonova,0.8346849544252262
Gumersindo Fernandez Garcia,0.43049992533465814
Gunay Mammadzada,0.8721970759711603
Gunnar Lund,0.5402721976534888
Gustavo Eduardo Nunez V,0.625023876375839
Gustavo Horokoski De Souza,0.615767971002852
Gyula Pap,0.023195574243241097
HRVOJE FAJDETIĆ,0.47151379076632194
Haik Martirosyan,0.3092138499913141
Hajiyev Kanan,0.17641219194635396
Halldor Gretar Einarsson,0.63681682056162
Halsagar Chincholimath,0.6498583224169633
Hamed Wafa,0.3130703046475391
Hamidreza Ebrahimi Herab,0.720102927556266
Hampus Sorensen,0.37697631124926934
Han Schut,0.3776653869354084
Hanna Wesołowska,0.7374619105157306
Hans Niemann,0.150936632624542
Haowen Xue,0.029715610205523157
Harald Schmidt,0.24260277085548781
Harika Dronavalli,0.10693027334216505
Harold Wanyama,0.5956432929294284
Harry Cun,0.758254066104947
Harry Grieve,0.585312408056194
Harsha Bharathakoti,0.11516341483574202
Harshavardhan GB,0.5379355132052819
Harshin Reddy Jagirapu,0.6753023992661044
Hasan Atis,0.6036435542342822
Havard Haug,0.22283662084216155
Hayk Yeritsyan,0.18727058818986547
HeartAblaze,0.19779787282936864
Heinz Georg,0.5321685497219416
Henning Holinka,0.8044857171937497
Henrik Cernov,0.8551347176505516
Henrique Barbosa Veloso,0.6378054883533381
Henrique M A Albergaria Paiva,0.84982692221169
Henry Deng,0.7071018655042175
Henry Roger Lopez,0.5883008543262418
Henryk Seifert,0.22730231280354643
Hernan Ramon Filgueira,0.5947111018735215
Hikaru Nakamura,0.3138506598858045
Hoang Thi Bao Tram,0.9252684390725164
Hong Anh Nguyen,0.5436576559309405
Hovik Hayrapetyan,0.36076107761374776
Hrant Melkumyan,0.14398164042452738
Hubert Zieba,0.2303085744677845
Hugo Guillemette,0.7023219365804291
Hugo Wernberg,0.19446949149420625
Hui Li,0.08857781865854815
Humberto L. Blanco Ronquillo,0.2731819796536902
Huseyin Said Deveci,0.7435242828008672
Héctor Elissalt Cardenas,0.3095522552702333
IULIAN NECULA,0.772358351357448
Ian Dzhumagaliev,0.41678497625197675
Ian Harris,0.7786450841361142
Ian Nepomniachtchi,0.5404946531982638
Ian Ocampos,0.6371732681416719
Ieuan Ward,0.5520459620049006
Ignacio Gago,0.7687268816013658
Ignacio Sainz Aguirre,0.3401864784521035
Igor Bjelobrk,0.14787160139287164
Igor Da Paz Palácio,0.26668893836048124
Igor Gulkov,0.07537598326145598
Igor Janik,0.27266105187699663
Igor Kovalenko,0.26620398671312845
Igor L. Vakhlamov,0.17476774987660826
Igor Lutz,0.5707615655111297
Igor Lysyj,0.03184052972443122
Igor Miladinovic,0.5338446684521697
Igor Vershinin,0.8346769125089685
Igor Wilk,0.2668487285148576
Ihor Samunenkov,0.2906759809314954
Ihor Vypkhaniuk,0.09180380321879542
Ilamparthi A R,0.9852724338386546
Ilan Schnaider,0.8765481108613056
Ilan Vardi,0.6822242591531363
Ildar Idrisov,0.555973431014231
Ilija Stanojevic,0.5729700643697341
Ilja Biriukov,0.8361978655633069
Ilja Haitin,0.27079791002926257
Ilja Sirosh,0.22202408408302832
Iljya Grigorjev,0.4631147575124631
Ilya Gruzman,0.5412303467962741
Ilya Gutkin,0.07391139702580556
Ilya Khakhinov,0.4402311162367827
Ilyass Msellek,0.9362992671165997
In Hei Henry Ho,0.6978952755919096
In Vau,0.6105183427953744
Inayat Bolat,0.9401957375591616
Ind1anStar-inactive,0.8537403233642042
IndianGrandmaster13,0.5087872710417439
Indy Southcott-Moyers,0.2275568405027379
Inigo Riveiro,0.309951570278427
Iniyan P,0.5336400661441081
Ioan Rees,0.198742816934611
Irene Sukandar,0.7912127904418322
Irina Bulmaga,0.7568287262840608
Irina Mikhaylova,0.09708745455343247
Irina Petrova,0.7249295447426694
Isaac Chiu,0.6439976706375508
Isaak Parpiev,0.6260210070265207
Isabelle Tamarozi,0.4858561032611215
Isak Storme,0.4710639046849419
Isaque Goncalves Santos,0.5509851711499258
Ishvi Aggarwal,0.7220756001947236
Ismael Gimenez,0.9401884383892238
Ismayil Shahaliyev,0.12544208523155276
Israel Caspi,0.36545037599269303
Isuru Alahakoon,0.48493908548814346
Italo Romero,0.7349983451613387
Itay Sitbon,0.42983894983803816
Itgelt Khuyagtsogt,0.0443432799366232
Iulian-Ioan Taras,0.37322866992790144
Iung Alicio de O. Pinheiro,0.7647391703127893
Ivan Aldokhin,0.58336593505843
Ivan Andrade,0.7396811856693497
Ivan Ivanisevic,0.328522481620503
Ivan Kalajzic,0.40820639165288786
Ivan Kochiev,0.8184545316363764
Ivan Krylov,0.5158527062359013
Ivan Kubatko,0.2928824891444069
Ivan Martic,0.5661024718146955
Ivan Mezentsev,0.5849054619189906
Ivan Paquico Rodriguez,0.5329472816341354
Ivan Povshednyi,0.1565119949264842
Ivan Provotorov,0.2837305853048087
Ivan Stankovic,0.3497599846790762
Ivan Vihor Krsnik Cohar,0.19964847229067217
Ivan Yeletsky,0.15480952948422866
Ivan Zemlyanskii,0.559064078650658
Ivashentseva Dominika,0.592957142060364
Iwo Godzwon,0.6566692261675114
Iwo Karolczuk,0.9668491009212014
J,0.6955330226820636
Jaan Ehlvest,0.620398225267061
Jacek Stachanczyk,0.6309705129430763
Jack Mizzi,0.5214725529728625
Jack Rodgers,0.3422817174766434
Jacob Dreelinck,0.7651084114334953
Jacob Flynn,0.3403803300987655
Jacob Templen Grave,0.20554902824272858
Jacorey Bynum,0.48705586373941684
Jacques Muller Luxama,0.8793045117490144
Jaime Rodriguez Santiago,0.8950197451624968
Jaime Santos Latasa,0.09797318018280368
Jaime Vaglio,0.576327203754682
Jaiveer Mahendru,0.9377250328950175
Jaka Brilej,0.6015955782890468
Jake Darmanin,0.7632751683709168
Jake Kleiman,0.3856671035966578
Jake Shanty,0.5912019786445304
Jakhongir Vakhidov,0.09271408969914689
Jakob Leon Pajeken,0.3479371755657075
Jakob Postlmayer,0.1343059099448547
Jakob Weihrauch,0.4810628766097523
Jakub Borawski,0.9017986343393201
Jakub Chyży,0.6812688941900312
Jakub Fus,0.5213380712671658
Jakub Kosakowski,0.8631961017812158
Jakub Kusa,0.2612997514413834
Jakub Luberanski,0.7151365533295112
Jakub Pulpan,0.0633594071687488
Jakub Seemann,0.757669831594164
Jakub Suder,0.7048984252526223
Jaloliddin Ilkhomi,0.2542665482275357
James Allen,0.646408236210276
Jan Boder,0.43710952712492707
Jan Enrique Zepeda,0.7837113517873541
Jan Gustafsson,0.0824073340606396
Jan Helmer,0.5019119622642405
Jan Jodilyn Fronda,0.1339144348186702
Jan Klimkowski,0.5026552342905479
Jan Kokoszczynski,0.39517466135438334
Jan Malek,0.42093280465671407
Jan Marn,0.5892691830729535
Jan Murawski,0.2180585508099556
Jan Petr,0.6825184775227823
Jan Roebers,0.5632208488020709
Jan Subelj,0.24798308917589437
Jan Zienkiewicz,0.9056480282284142
Jan-Krzysztof Duda,0.3428006495646646
Jann-Christian Tiarks,0.31293357881733386
Jarmo Hartikainen,0.11247341881657173
Jaroslav Sobek,0.5204876799226457
Jason Morefield,0.895034739628781
Jasper Rom,0.17158580607802834
Javier Benitez,0.28362940569422157
Javier Buenafé Moya,0.7392005879090969
Javier Quispe Santacruz,0.44607955966078616
Javier Ruiz Vazquez,0.8616482145421822
Javohir Bozorov,0.5812536230723249
Javokhir Sindarov,0.021931887632508557
Jay Bonin,0.36050469908347904
Jean Marco Cruz Mendez,0.8874673465762346
Jean Meunier-Pion,0.7706028971183144
Jean-Christophe Martine,0.599657748908397
Jeet Jain,0.7925399821467749
Jeevan Karamsetty,0.9018152222841888
Jeff Quirke,0.3925116634652114
Jeffery Xiong,0.23411368727017506
Jeffinho023,0.22914389673615787
Jemal Ovezdurdyeva,0.8028600363935812
Jennifer Perez Rodriguez,0.49530312436233687
Jenny Astrid Chirivi Castiblanco,0.13391684053221473
Jens Albert Ramsdal,0.5105574533390858
Jens E Ingebretsen,0.42695092007063734
Jens Hirneise,0.14445175158992105
Jerzy Jesús Perez Leiva,0.6369490154078749
Jerzy Slaby,0.1464437378347312
Jesper Kjaergaard-Jensen,0.43709979982941255
Jesper Lauridsen,0.4576668325115705
Jesus Alberto Alcazar Jimenez,0.11129857636231866
Jesus Martin Duque,0.6116357662677782
Jesús Alberto Coca Cubillos,0.8334117781482793
Jesús Manuel Vargas Pereda,0.6205980074185029
Jia Haoxiang,0.38965731630862366
Jiner Zhu,0.577883621609114
Joa Max Bornholdt,0.8087099536325562
Joachim Mouhamad,0.33877246003498357
Joakim Nilsson,0.6216306634923682
Joao Avalos,0.8767923974314487
Joao Batista Dias,0.7574743335472186
Joaquin Fiorito,0.9403076166246281
Joaquin Rodrigo Jimenez,0.7966432919934692
Joey Grochal,0.45371524598877155
Johan-Sebastian Christiansen,0.9446267209539112
Johann Hjartarson,0.7177700552854991
John Bartholomew,0.329192274976548
John Curtis,0.18552358827929333
John Funderburg,0.5303588630119881
John Merriman,0.6198126949063504
John S. White,0.7943392540701885
Johnathan Bakalchuk,0.7931619819896142
Jonah Willow,0.8270763870787444
Jonas Bjerre,0.18317469816539353
Jonas Eilenberg,0.44665063131030414
Jonas Gallasch,0.565623561698523
Jonas Wyss,0.3579740067726827
Jonathan Blackburn,0.3178639620111056
Jonathan Dourérassou,0.7870243737236173
Jonathan Hrach,0.5597942468648377
Jonathan Pein,0.4356793042740007
Jonathan Subervi,0.913701557997381
Jonathan Yedidia,0.6230450653389044
Jonny Cueto,0.80394376267748
Jorden Van Foreest,0.15710520386344745
Jorge Carlos Antonio,0.3807199647618097
Jorge Soto Vega,0.6092724211903915
Jose A. Hernandez Izquierdo,0.4731930282114786
Jose Antonio Garrido Diaz,0.685592867013178
Jose Antonio Herrera Reyes,0.9007605877876477
Jose Camacho Collados,0.3488142046838588
Jose Esteban Marin Masis,0.5892280675786439
Jose Felix Calvo Gonzalez,0.45527519392321675
Jose Fernando Cuenca,0.17791910882052608
Jose Gabriel Cardoso,0.2512669705488301
Jose Garcia Molina,0.7453468800253196
Jose Guilherme Barria Santos,0.7527618853342395
Jose Javier Gonzalez Castillo,0.6042793364733365
Jose Martinez,0.27151763162189474
Jose Rafael Gascon,0.1809608797241165
Josefine Heinemann,0.4458382870049403
Josep Lacasa Diaz,0.1980619987470745
Josep Ruscalleda,0.7873597942030309
Joseph Bellissimo,0.932989755194036
Joseph Girel,0.9057665684075837
Joseph Levine,0.6282137648878914
Joseph Zeltsan,0.7383949263255052
Joshua Colas,0.4830757061130118
Josue Araujo Sanchez,0.7601980813744647
José Carlos Ibarra Jerez,0.35743564794485755
José Francisco Veiga,0.4433329628641479
José Remolar,0.6881000095156778
José Renato Ruiz Maranhão,0.48615109986321015
Jovana Srdanovic,0.7843991695232604
Joy Romany,0.5292655525618689
JozefKneht,0.7442199390682557
Juan Alberto Gomez Aguirre,0.31058912315700554
Juan Antonio Urbina Perez,0.2295107495499608
Juan Carlos Mesa Cruz,0.4366675808088442
Juan Carlos Ricaurte Lopez,0.3305931548647675
Juan Cruz Arias,0.7854765686456419
Juan David Becerra Morales,0.17384616223316054
Juan David Lopez Perdomo,0.8130066243514846
Juan Fernando Aguilar Novoa,0.3402062536467366
Juan Manuel Aranda,0.7150526670868631
Juan Manuel Garcia Almaguer,0.3966940733324792
Juan Pablo Demaría,0.5539308227676475
Juan Rottenwohrer Suarez,0.23797004472325547
Juan Sebastian,0.7269178022395201
Juan Sebastian Melian,0.5908535751396207
Judah Nathan Levitan,0.6541060046710017
Jude Shearsby,0.8446761442959456
Jules Moussard,0.4842943808020892
Julia Elizabeth Sloan,0.7763048565130252
Julia Tsukerman,0.7923647788079281
Julian Antonio Rojas Alarcon,0.7129696783739659
Julian Colville,0.5009185536189403
Julian Estrada,0.03649317895028399
Julien Dubreuil,0.4712010654747688
Julio Antonio Hernando Rodrigo,0.4717718971212704
Julio Cesar Diaz Rosas,0.861424413141392
Jun Ying Tan,0.8053480257574519
Jun Zhao,0.15987749015450864
Jung Min Seo,0.4788527370558443
Junior Tay,0.7179743083151595
Justin Blackman,0.9456807923985613
Justin Chen,0.23804238895387314
Justin Liang,0.37687771485620014
Justin Sarkar,0.371996730538881
Justin Storm,0.7115263352099024
Justo Reinaldo Chemin,0.32040291146482847
Jéssica Trindade Hubner,0.7271366201384066
József Mátyás Herpai,0.8171383098053561
K Priyanka,0.3495829127833582
Kaan Kucuksari,0.41839805528806906
Kaan Ozcan,0.6675686904858608
Kacper Drozdowski,0.2808712255893039
Kacper Karwowski,0.12134090726049077
Kacper Piorun,0.9072409058901482
Kacper Polok,0.5893436298040088
Kacper Tomaszewski,0.258940566743317
Kacper Ugorek,0.5544273684248076
Kadir Soria Delgado,0.2634453339738318
Kaganskiy Gleb,0.3862808279213779
Kaiser Luiz Mafra,0.619898958898495
Kaivalya Sandip Nagare,0.5407026808615135
Kalyani Sirin,0.5313245395762832
Kamal Aghasiyev,0.25667111511788565
Kamil Warchoł,0.396411883269593
Kanishka Bhatia,0.8547941646218549
Karina Ambartsumova,0.4248348968091812
Karina Ivanova,0.29856367872587875
Karl Bowden,0.3777704018584198
Karl-Emil Elmer Nielsen-Refs,0.6479160207533335
Karol Kucza,0.2507171935999379
Karsten Hansch,0.2714042686907986
Karsten Schulz,0.12787991088558645
Karsten Schuster,0.3646271354681987
Karthik Rajaa,0.2883216575948758
Karthikeyan Murali,0.33171751143267014
Kashish Jain,0.19312071524167704
Kaspar Kappeler,0.8275389174626783
Katarzyna Dwilewicz,0.3230071864195484
Kateryna Lagno,0.4539222536481174
Katharina Reinecke,0.6789543558796626
Kaua Marques Silva,0.7836508831777064
Kavyev_Ruslan,0.3827757771481625
Kayden Troff,0.32698330942178017
Kazybek Nogerbek,0.23472275193246825
Keaton Kiewra,0.370768130502474
Keith Jeffrey Khumalo,0.8174595047674785
Kelsey Liu,0.6377911730459354
Kelvin Sánchez,0.31203823992289303
Kemal Bashirov,0.7014069883765465
Kemel Antonio Gallo García,0.4956432077966621
Ken Arnold,0.19184585940133764
Kerem Tinmaz,0.15437783548685505
Kerry Stead,0.6079081202373423
Ketevan Arakhamia-Grant,0.6544786759032692
Keti Tsatsalashvili,0.8114686212499562
Kevin Bordi,0.19055581426361162
Kevin Chor,0.9257546173120694
Kevin Cupid,0.6050399414784857
Kevin Davidson,0.4070129096413499
Kevin George,0.3796641145438638
Kevin Joel Cori Quispe,0.6122620734843155
Kevin Noboa Silva,0.4484946675489863
Kevin Yang,0.5199423339792031
Khagan Ahmad,0.17308936325405772
Khumoyun Begmuratov,0.6106118103766154
Kiborg95,0.45406548307395544
Kim Sergey,0.7313812917983273
Kim Yew Chan,0.5740581376193068
Kingsman132,0.4495342591901431
Kiren Vivek Nasta,0.5193214936721022
Kirill Alekseenko,0.6170149520755864
Kirill Klukin,0.3282063661168298
Kirill Kotlyar,0.9170140165766956
Kirill Kozionov,0.3906141438206282
Kirill Kuderinov,0.6625222727599731
Kirk Ghazarian,0.24485677456430538
Kjell Petersson,0.8324036906872048
Klementy Sychev,0.5830751845441748
Klendi Zeneli,0.6832610759013663
Kler Çaku,0.7444192043825695
Klára Kovács,0.8085368357609115
Koen Leenhouts,0.10388016928292516
Komal Kishore Pothuri,0.5038290026838148
Konstantin Bazarov,0.7100360365141503
Konstantin Begunov,0.3725529824331785
Konstantin Borsuk,0.3020358053857987
Konstantin Egorov,0.680369846258847
Konstantin Garagulya,0.3068276633827868
Konstantin Loy,0.10362997861378546
Konstantin Popov,0.21295606099311165
Konstantinos Markidis,0.23084640524899078
Konstnatin Andreev,0.8655161472131004
Koorosh Bahmani,0.7336543303281241
Koosha Jaferian,0.5336059416034958
Korun Gulamirian,0.6474824160293051
Kosma Pacan-Milej,0.14463719236095696
Kostya Kavutskiy,0.5378289280481956
Krikor Sevag Mekhitarian,0.10194494721900069
Krishna Nathan,0.8571781814028915
Kriti Patel,0.8700099657115212
Krzysztof Budrewicz,0.5360775872100298
Krzysztof Jakubowski,0.8788618699395194
Kshatriya Vekhande,0.37198996349384494
Kuzmicz Krystian,0.8592719793446975
LUIS MIGUEL FLORESVILLAR,0.3508481098863758
Ladislav Langner,0.17710621452731068
Lagmantr,0.29506075416918254
Lakshmi C,0.7447883103916233
Lala Huseynova,0.6750124949547159
Lamine Brahami,0.7087816953829995
Lars Andreassen,0.6219951001212737
Laura Viñolas,0.870701804092765
Laurin Jahnz,0.40835308649853364
Lawrence Trent,0.2530531813095629
Lazaro Lorenzo De La Riva,0.6687657993469672
Le Thao Nguyen Pham,0.08067167422438397
Leancy Beatriz Fernandez Bustamante,0.799959689968916
Leandro Formes De Arruda,0.6742098010459507
Leandro Jiménez,0.29552058651730134
Leandro Krysa,0.34885142809521186
Lefong Hua,0.41350426178614796
Leinier Dominguez Perez,0.40368441676481587
Lenaerts Lennert,0.12744244175587047
Lenin Guerra Tulcan,0.2111322401606932
Lenka Ptacnikova,0.5656108750891097
Lennis Martinez Ramirez,0.3302823773049544
Leo Crevatin,0.3731448547144135
Leo Valle Luis,0.9686548674491112
Leon Livaic,0.19837469211078235
Leon Luke Mendonca,0.5485393939371981
Leon Mazi,0.5880046291296726
Leonardo Duarte,0.5605268549691189
Leonardo Tristan,0.10270347100916113
Leonardo Valdés,0.5700145003729362
Leonardo Vincenti,0.7143855483721611
Leonid Guerb,0.3876249777283208
Leonid Nozdrachev,0.37771759255559606
Leonid Sokolin,0.30917567739420454
Leonid Starozhilov,0.04514030930481579
Leslie Carolin Torres Hernandez,0.383512609854252
Lev Zverev,0.9604384032112099
Levan Pantsulaia,0.6672435494332134
Levente Miszler,0.8386500634300458
Levon Aronian,0.49525349481425585
Levy Rozman,0.604522402857292
Lewis Martin,0.5244002576928357
Liam Baruch,0.5810301044009323
Liam Putnam,0.6802980047348358
Lianet Diaz Garcia,0.5125871794045901
Licael Ticona,0.23953670283446798
Liem Le,0.19316183358630834
Lile Koridze,0.8907144339534048
Lilia Fuentes,0.4158487667903577
Lilit Mkrtchian,0.4322526590157105
Lily Jeanette Duarte Cramer,0.6207963178261989
Linus Olsson,0.4870224740875799
Linxi Zhu,0.6882764506276612
Liwia Jarocka,0.4171236752378956
Liya Kurmangaliyeva,0.9157114933861511
Loay Sameer,0.8269084196803786
Logan Clark Shafer,0.36758686651295747
Logman Guliev,0.6415835535191755
Loic Travadon,0.9150238628613012
Looi Xin Hao,0.45347433771731616
Lorenzo Perea Fruet,0.7031382511982802
Loris Tavernier,0.6815348822889175
Lovro Novosel,0.7666497912929635
Lubov Markelova,0.4486218582387004
Luca Albertini,0.7571779923094575
Luca Ernst,0.48566836797341323
Luca Moroni Jr,0.32582262682550633
Luca Silva,0.8600939580114616
Luca Suvorov,0.5328437267960285
Lucas Aguiar Cunha,0.7360875008416181
Lucas Aparecido Oliveira Dos Santos,0.6046839900733897
Lucas Cumpe,0.26612082832617434
Lucas DI NICOLANTONIO,0.5939606016610987
Lucas Do Valle Cardoso,0.5996471454713774
Lucas Foerster-Yialamas,0.6791438192025339
Lucas Liascovich,0.16408454338472467
Lucas Pereira Mendes Da Silva,0.8910513323034124
Lucas Ranaldi,0.3870628388127778
Luciano Justi Antunes,0.5738950868907765
Lucius Melillo,0.20059560580661287
Ludvig Carlsson,0.017279625355909437
Luis David Jimenez Almeida,0.7520002608202072
Luis Eduardo Ballester Llagaria,0.2691766367387909
Luis Enrique Valle Maytin,0.7686840308094072
Luis Eusebio Oro,0.9350445087784289
Luis Fernández Siles,0.6612699688518624
Luis Galego,0.3973805679782537
Luis Guillermo Antúnez Soler,0.6039253553771076
Luis Manuel Perez Rodriguez,0.5141563076328023
Luis Roque,0.45555317524737166
Luiz Araujo,0.7770432051640299
Luka Paichadze,0.9060185047277727
Lukasz Jarmula,0.47227886201622205
Lukasz Swiatlowski,0.8116396762287812
Lázár Mátyássy,0.20018819092316004
MF Pablo Alexander Ruiz Aguilar,0.5423772974002744
MI Marcelo Playa,0.6841421539193732
MIJuanReyesRosa,0.5264924666305917
MN Vinicius Saito,0.7184817625521319
MYMChessAcademy-inactive,0.8578473125021027
Maciej Czopor,0.41664982247094323
Maciej Klekowski,0.9680017598454965
Maciej Sroczyński,0.8047141608989751
Maciej Świcarz,0.7002862496794229
Madara Golsta,0.7418856911460976
Mads Vestby-Ellingsen,0.38904153498924965
Maftuna Bobomurodova,0.7229809008540267
Magnus Carlsen,0.038144656937713836
Mahammad Muradli,0.4329663062934717
Mahdi Gholami Orimi,0.8008418657371322
Mahel Boyer,0.30915980322294406
Mahmoud Alhadad,0.30729157825520426
Mai Narva,0.3821129025811878
Maka Purtseladze,0.2295114577959776
Maksim Chigaev,0.11597050460383591
Maksim Ivannikov,0.8235632530435035
Maksim Tsaruk,0.31792484043476327
Maksim Volkov,0.8282888673610682
Maksim Zhukov,0.5246150663350596
Maksims Golubovskis,0.750424808743694
Maksym Dubnevych,0.7951032752801541
Maksym Goroshkov,0.3514859938378826
Maly Alexey,0.8663201503476688
Malyi Viacheslav,0.21286318700003454
Mamedov Edgar,0.47534332450920835
Mamikon Gharibyan,0.23454285106015296
Manoj Mishra,0.6378804843681862
Manolache Marius,0.4325356342076951
Manuel Petrosyan,0.12879607544723565
Manvel Arakelyan,0.6700704975725136
Marat Denishev,0.4202777479113105
Marat Gilfanov,0.45554403836467455
Marc Balague Camps,0.8966907951340092
Marc LLari,0.41983601449077684
Marc Lonoff,0.5424365346977096
Marc Morgunov,0.2314063973090764
Marcel Beulen,0.09210386129379719
Marcel Petersen,0.20551926731722334
Marcel Winkels,0.7482635774474032
Marcell Szabo,0.41912603031748663
Marcelo Jorquera,0.4587372196986039
Marcelo Villalba,0.7794952366796866
Marcin Krzyżanowski,0.3676807958679763
Marcin Molenda,0.7904496845426965
Marcin Sieciechowicz,0.13743673384202895
Marco Cattaneo,0.4933823618032672
Marco Cordeiro,0.5984850209679194
Marco Dobrikov,0.8882988538183806
Marco Lantini,0.6443221288946122
Marco Materia,0.7705195402134672
Marco Riehle,0.30654043609942533
Marcos Lianes,0.38602096963756144
Marcos Rodriguez Fontecha,0.4518268241417459
Marcos Vinicius Torsani,0.23948380258773225
Marcus Harvey,0.052795228886313585
Marek Karas,0.1589261534964531
Marek Pniaczek,0.7345320296855263
Margarita Fakhretdinova,0.7061526119103899
Margarita Novikova,0.7053347934538219
Margarita Potapova,0.9046674908822105
Margarita Zvereva,0.8486255701427956
Maria Florencia Fernández,0.8056258647320991
Maria Fominykh,0.35559824431469667
Maria Gevorgyan,0.8569271787198552
Maria Larina,0.8798692352788962
Maria Teresa Jimenez Salas,0.4140038010158283
Marianna Grineva,0.8398938544968034
Mariano Ortega Amarelle,0.09240120409382337
Marie Sebag,0.48614339474419516
Mariia Berdnyk,0.9109355008384246
Marina Korneva,0.5803749607823587
Mario Andres Fernández Sánchez,0.277199476698816
Mario Gavilán Díaz,0.9085877050460404
Mario Sibilio,0.4568722889639588
Marius Deuer,0.6776804331516393
Marius Fromm,0.07730702407422371
Mariya Yakimova,0.8382903137556802
Mark Biernacki,0.33891589963454904
Mark Dejmek,0.5318089763126804
Mark Josse,0.5955725754126668
Mark Liubarov,0.19010838529881796
Mark Smirnov,0.16361892234813283
Mark Timmermans,0.4484488599943675
Mark van der Werf,0.5046410156975637
Marko Jelcic,0.3341972761580766
Marko Nenezic,0.7630984881825235
Marko Perestjuk,0.6662963665852901
Marko Srebrnic,0.6058776056081541
Markus Ragger,0.045931007380305505
Marlon Javier La Villa Rivas,0.8817174918517943
Marlon Jodar,0.3113390156609913
Maroun Tomb,0.6822009206097752
Martin Brüdigam,0.8103167472581063
Martin Chlpík,0.4382525515241982
Martin Holten Fiskaaen,0.4695629834221629
Martin Horak,0.2078930682636151
Martin Horcajuelo Rocamora,0.698295823018769
Martin Matthiesen,0.6287267450684775
Martin Mena,0.61057953602089
Martin Portero Rubio,0.5534698640778934
Martyn Kravtsiv,0.29641706295438686
Martyna Starosta,0.9175715507034781
Marvin Guevara,0.8069876547320785
Mary Kiseljova,0.6067932852235661
Marya,0.537073811864278
Maryana Huda,0.4377455669817293
Masruri Rahman,0.2061113172308115
Matan Prilleltensky,0.5499222341504979
Matei-Valeriu Mogirzan,0.5420950033414719
Matensien,0.21457242922616956
Mateu Boci,0.7757990921427541
Mateus Costamilan Tomiello,0.8038231689885903
Mateus Felizardo Viageiro Alice,0.6145379256839858
Mateusz Bartel,0.24077938236117674
Mateusz Brozyna,0.40124615133740243
Matfey Rogov,0.9203615714280146
Matheus Santos,0.7327114354962679
Mathias Womacka,0.30087709494432413
Mathieu Ternault,0.1923992341989321
Mathis Sabatier,0.4250054770228269
Matias Jaque,0.4440684822876683
Matt Herman,0.6816950737628737
Matt Pon,0.6286704995249208
Matt Zavortink,0.35144074906624906
Matthew Guo Diao,0.550299447526075
Matthew O'Brien,0.4771663934030408
Matthew Wadsworth,0.10099803961571238
Matthia Bach,0.495812458504813
Matthias Bluebaum,0.07303813865694422
Matthias Dann,0.299839381173578
Matthias Mattenberger,0.5731072655730254
Matvey Galchenko,0.834183411441783
Matyas Palczert,0.5807144831926347
Matyáš Zeman,0.3863997283097363
Matías Mingo Fernández,0.5736473739344603
Matías Pérez Gormaz,0.36155568050402326
Mauri Lehtosaari,0.15392718157202176
Maurizio Brancaleoni,0.11349697205358837
Max Chen,0.5209060736164338
Max Warmerdam,0.3149505128972261
Maxi Perez,0.6453364108124588
Maxim Gavrilov,0.7809685627350686
Maxim Lugovskoy,0.5836602122908504
Maxim Matlakov,0.7416712993297535
Maxim Novik,0.19779021441658995
Maxim Omariev,0.7673276593796217
Maxim Ventura,0.662124346278415
Maxime Lagarde,0.15216252739015818
Maxime Vachier-Lagrave,0.1350692164693633
Maximilian Mostbauer,0.24550714573682245
Maximiliano Rossi,0.2554209252430747
Maya Porozhnyak,0.5042300931298509
Mayank Chakraborty,0.4203412682838449
Md Bashiq Imrose,0.4052260426248825
Md Jamal Uddin,0.5266608893096105
Medet Dzhaparov,0.3424976799546524
Medina Paz Miguel 1968,0.7633815355799085
Mees van Osch,0.1734988354228503
Megan Althea Paragua,0.4456379398008804
Meilis Annaberdiev,0.27272525280033066
Melih Kaan Can,0.48001243925707227
Melih YURTSEVEN,0.44552218194954935
Melika Mohammadi,0.2622888795057573
Meri Arabidze,0.41496940226204443
Meri Grigoryan,0.35061084897049577
Mert Acikel,0.5622204707582883
Mert Erdoğdu,0.8811341183942389
Michael Buscar,0.5139058198388275
Michael Concio Jr.,0.11531177779216462
Michael Fernandez,0.45097123172010145
Michael Klenburg,0.6415826608576595
Michael Kotyk,0.48153263709859156
Michael Song,0.3252082923711455
Michal Fiedorek,0.7093794014621976
Michal Fudalej,0.7636806161927624
Michal Koziorowicz,0.534428265528903
Michal Mazurkiewicz,0.28371283139683234
Michal Provaznik,0.873160520991173
Michal Redzisz,0.6287085610742542
Michal Tworuszka,0.36656777903509813
Michalina Rudzińska,0.9040903289099615
Michał Bartel,0.7833901391089009
Michał Kopczyński,0.8374799642885493
Michał Walentukiewicz,0.7887049359685058
Michel Alejandro Diaz Perez,0.42895555703601235
Michel Bifulco,0.8450421761376461
Michel Coto,0.50956690968261
Michel Samuel Lopez Abreu,0.6084956570380677
Michel Saucey,0.7088596476325997
"Michelle Catherina, P",0.47783315909039115
Miguel Angel Marino,0.5631476859370261
Miguel Munoz,0.6846261107205669
Miguel Santos Ruiz,0.33105209085834664
Mihael Ankerst,0.8825813914202015
Mihai-Lucian Grunberg,0.24570168015457114
Mihailo Djokic,0.5523091040092002
Mihnea Costachi,0.5396755929306729
Mika Karttunen,0.48485814613686723
Mikayel Manvelyan,0.17018314555498149
Mikayel Mkrtchyan,0.5281899741229875
Mikayel Rostomyan,0.37870408357336083
Mike Hehir,0.28921892526471293
Mike Ivanov,0.25990595013997253
Mike Sailer,0.5107586536543632
Mikelis Vingris,0.7038899646305347
Mikhael Garakov,0.35903781036362975
Mikhail Antipov,0.4539876873061942
Mikhail Bryakin,0.3370910286699943
Mikhail Chernov,0.6622189813787058
Mikhail Demidov,0.0936342292412263
Mikhail Golubev,0.4459803094350221
Mikhail Gusev,0.1914358193462564
Mikhail Kazakov,0.273021836910838
Mikhail Kobalia,0.3891155529011436
Mikhail Pesotskiy,0.2851348540284969
Mikhail V. Kuznetsov,0.4777521709882094
Mikhail Yashmetov,0.35316617310905096
Mikkel Jacobsen,0.5048353587797558
Mikołaj Gbiorczyk,0.7667531374233564
Milad Khodabandeh,0.5764617198331992
Milan Jocev,0.2700543557496198
MillyNeuf,0.43861630908055
Milos Milosevic,0.4935475683781583
Milton Pantzar,0.23007717154166435
Mina Wael Sabry,0.5451718993456118
Miran Oganian,0.7228923481319184
Miras Assylov,0.798766295655683
Miroslav Simonovic,0.40359231247228955
Mirosław Lewicki,0.9205309738664745
Mitch Fishbein,0.06791645413814341
Mitrabha Guha,0.4908200086046029
Miłosz Szpar,0.7234482101726689
Mladen Gajic,0.5098541803451523
Mobina Alinasab,0.5320522275563979
Mohamed Anees M,0.7123883462422274
Mohamed Ezat,0.5475236587857927
Mohamed Haddouche,0.6566007389458929
Mohamed Nouali,0.6691219233229132
Mohamed Salem Yahi,0.7937011820287305
Mohammad Fahad Rahman,0.9346843510009692
Mohammad Mohammadian,0.5496627130950239
Mohammadhossein Shamsi,0.8463795775252525
Mohammed Seder,0.5518934382615189
Mohsen Gabr,0.7830247618651415
Moksh Amit Doshi,0.3475340526630843
Momchil Petkov,0.5207274117063209
Monika Marcińczyk,0.5334441535958434
Moritz Weishäutel,0.2632200168606704
Mostafa Sakhaei,0.4132222988983173
Mounika Akshaya Bommini,0.5389717867924521
Mr. Sai Han Thiha,0.2035489593892795
Mrudul Dehankar,0.7310036591793057
Muhittin Büker,0.659071207859987
Mukhammadali Abdurakhmonov,0.5361249496840081
Mukhammadzokhid Suyarov,0.46862488671772945
Mukhiddin Madaminov,0.38527705783904836
Munkhgal Gombosuren,0.43891024731080597
Murad İbrahimli,0.2623010030809872
Mustafa Yilmaz,0.5612813049930507
Mykhailo Shinkarev,0.6923522685849313
Mykhaylo Kepeshchuk,0.2845460521250751
Mykola Bortnyk,0.2124724007161391
Mykola Korchynskyi,0.9068502157510416
Myroslava Hrabinska,0.48078213056807256
Máté Gyenes,0.7359298510850071
Nad Titus Petre,0.2204936778866237
Nadezhda Antonova,0.7037036587159313
Nadezhda Kostina,0.5256457238461419
Nadya Toncheva,0.5605152855005034
Nafisa Muminova,0.8127882253134648
Nahun Gavarrete,0.5627316767344265
Nail Bashirli,0.8036005822666699
Nameer Issani,0.9192862657755929
Namitbir Singh Walia,0.156177250910484
Narayan Venkatesh,0.8273109944650479
Narek Ghimoyan,0.36571265664745617
Narmin Khalafova,0.9093061644086842
Nasrin Babayeva,0.4432448822463768
Nasyrova Ekaterina,0.6871097457818685
Natalia Zhukova,0.4414529837832153
Natalie Wisniowski,0.6316277400434941
Nataliya Buksa,0.43421904247921717
Nate Solon,0.6084273857965721
Nathaniel Mullodzhanov,0.9137640219580977
Naveen Jain,0.5179825262205859
Nayem haque,0.8282761956747716
Nazar Firman,0.852223641221942
Nebojsa Ristic,0.5436542368810068
Necmettin KORKMAZ,0.4870870203708426
Neeraj Harish,0.5816236418011864
Nemo Zhou,0.7790617570536579
Nesa Modric,0.6975237467899971
Neven Hercegovac,0.33506549275999103
Newansa M Esandi,0.809351936148279
Nguyen Ngoc Truong Son,0.029801572856685728
Nhat Minh To,0.2089638808319763
Nhung Hong Nguyen,0.8116110676376282
Nicholas Figorito,0.3434413082264093
Nicholas Ladan,0.3112212704095846
Niclas Huschenbeth,0.6754107137841293
Nicodim_Cosmin Stepanencu,0.638104620195034
Nicola Altini,0.6731968158640861
Nicolai Maxime Østensen,0.9254168031371158
Nicolas Brunner,0.24995292320462145
Nicolas Cogan,0.45509223613368377
Nicolas De La Colina,0.7686269915347314
Nicolas Perossa,0.45283704639830075
Nicolò Napoli,0.3300797946008247
Nihal Sarin,0.3417221407466598
Nikhil Dixit,0.25293617586876016
Nikita Fedotov,0.68336817139274
Nikita Filindash,0.4473367636448975
Nikita Khoroshev,0.13027850367927662
Nikita Kraiouchkine,0.5301554878691899
Nikita Matinian,0.24701740346843454
Nikita Meshkovs,0.25850682823963983
Nikita Shandrygin,0.44750251080915115
Niklas Schmider,0.44080371628508896
Niklesha Tharushi,0.487409701556066
Nikolai Aliavdin,0.48550035846176964
Nikolai Kabanov,0.23208034893517454
Nikolai Vlassov,0.4109971910695089
Nikolaos Skiadopoulos,0.4746976271524887
Nikolaos Spyropoulos,0.30923531469013704
Nikolas Koutlas,0.6136103598135884
Nikolas Theodorou,0.27623332642512344
Nikolay Kleimenov,0.7805077078054232
Nikolay Maevskiy,0.530472097577724
Nikolay Milchev,0.29332980043741674
Nikolay Pavlov,0.26054412640321317
Nikoloz Petriashvili,0.19975336894133094
Nikolozi Kacharava,0.4252345019983198
Nils Grandelius,0.19145521500490975
Nils Richter,0.4479841916385535
Nima Hosseinzadeh,0.28946253525573706
Nimay Agrawal,0.927745351577643
Nino Batsiashvili,0.4695637297819414
Niranjan Navalgund,0.8206737732604947
Nisha Mohota,0.6929858107005946
Nisim Iliaguev,0.3862390834026206
Nita Lucian,0.5544808193004912
Nitai Leve,0.5850714649241833
Nitin Senthilvel,0.9718380649716497
Nitish Belurkar,0.4382758663062495
Nitish Nathan,0.7666407243266022
Nitzan Steinberg,0.43974617310225816
Noah Thomforde-Toates,0.2993592675914581
Noam Vitenberg,0.7907308179063554
Nodar Lortkipanidze,0.6442307006323745
Nodirbek Abdusattorov,0.41357121143652725
Novak Čabarkapa,0.7832417692053169
Novendra Priasmoro,0.5626573679437297
Noël Studer,0.41037074806573715
Nurai Sovetbekova,0.6327572292447987
Nurgazy Zheenbekov,0.8899953036429362
Nurgyul Salimova,0.60093986929068
Obolenskikh Dmitry,0.05216660904336763
Okan Bulgurlu,0.4422697953119914
Olaf Michalski,0.3539587618462618
Oleg Artemenko,0.5320202879927504
Oleg Badmatsyrenov,0.3443869219290535
Oleg Kozlov,0.5684939710093907
Oleg Papayan,0.17420357847769088
Oleg Rychkov,0.7818127074157051
Oleg Terletsky,0.375838172221521
Oleg Vastrukhin,0.3001325927826583
Oleg Yaksin,0.6573039740648392
OlegKrivonosov,0.04193770772617253
Oleksandr Bortnyk,0.19617826990004184
Oleksandr Kuzhilniy,0.17505435920653065
Oleksandr Matlak,0.6124605083724177
Oleksandr Prokhorov,0.650209235727389
Oleksandr Shymanskyi,0.37753935062138966
Oleksandr Vasynda,0.5411974090292493
Oleksandr Yevchenko,0.5619207564499498
Oleksandr Yurovskykh,0.11016772907603671
Oleksiy Solovchuk,0.3550127761777131
Olexandr Shevchuk,0.35838898645649303
Olexiy Bilych,0.16348620687712603
Olga Artemyeva,0.7554121708338754
Olga Babiy,0.7172617885036361
Olga Badelka,0.7112573127474315
Olga Girya,0.042434021318528414
Olga Karavaeva,0.8998056687840073
Olga Kuznetsova,0.5273569472846963
Olga Matveeva,0.668778506110373
Olga Sikorova,0.7369901548159802
Olga Yushko,0.8504096064808044
Olga Zhuravleva,0.8376169151461849
Oliver Stork,0.7820297104021627
Oliver Wartiovaara,0.19913273750323932
Olzhas Khamzin,0.6109571821651902
Om Kadam,0.8230538147869126
Omar Garcia Blanco,0.6185780943242785
Omer Akkara,0.41664279903413376
Omran Alhosani,0.5525731309453397
Ondrej Toman,0.3484200755117889
Onno Elgersma,0.35405115619362076
Orest Vovk,0.45584693877551014
Ori Kobo,0.4969928097014823
Ori Taichman,0.6034893648825115
Oriol Serra Canals,0.8643554506685864
Ortik Nigmatov,0.5753119629286864
Oscar Ardila,0.7349837937867338
Oscar yosimar Acosta cruz,0.7478847518705061
Oskar Wieczorek,0.2950845467022682
Owen McCoy,0.9662904493131578
PAULO CÉSAR COSTA,0.571617739537855
Pablo Barrionuevo,0.4787171655966226
Pablo Glavina,0.32437515669087413
Pablo Lalanne,0.6987418778433171
Pablo Salinas Herrera,0.9315940632301836
Pablo Zarnicki,0.33777518776971316
Paco Rubio Tent,0.11477985974565463
Padmini Rout,0.5347630013434024
Panagiotis Hristodoulou,0.12619004964407815
Pantata007,0.35188513282938
Paolo Ciuffoletti,0.35899926788131015
Papp Levente,0.5012170114244243
Papp Petra,0.28180671889256337
Pappu Murthy,0.7997570102599337
Parham Maghsoodloo,0.3785729301921789
Paris Prestia,0.4481729967354065
Pariston Hill,0.26687652306836973
Patrick Aizpurúa,0.544546806976551
Patrick Perry,0.14588571927455102
Patrik Aalto,0.43969902397487537
Patrik Stevik,0.5670309613425433
Patryk Chylewski,0.3458610051483183
Patryk Cieslak,0.248129757737432
Patryk Stanisz,0.7076254697852346
Patty Castillo,0.4785809234995922
Pau Marin Ferragut,0.7132957142233742
Paul Burke,0.6553892822311788
Paul Cristian Rusan,0.43993746287620955
Paul Makarov,0.8540889525074832
Paul Richter,0.784162385903201
Paul Rohwer,0.6871601343012201
Paulina Cagara,0.88137630928637
Paulius Pultinevičius,0.8592563672479427
Paulo Jodorcovsky Werjivker,0.8417213460155223
Pavel Chernomordik,0.6504192395505131
Pavel Eljanov,0.31705463830705316
Pavel Kiselev,0.5482634518439606
Pavel Plotnikov,0.8725326388103332
Pavel Politov,0.6893567306858664
Pavel Ponkratov,0.19845955737592466
Pavel Salman,0.6437842501701196
Pavel Skatchkov,0.4393688269429866
Pavel Smirnov,0.6659780996442338
Pavel Tregubov,0.07211788796663754
Pavel-Alexandru Nastore,0.8833036284691005
PavelShkapenko,0.027340356951491875
Pawel Flis,0.5439838995261997
Pawel‚ Dudzinski,0.38211842808916174
Paweł Kowalczyk,0.8443568299772363
Paweł Kukuła,0.7601441394506487
Paweł Sowiński,0.4159258217413334
Pedro Espinosa,0.4739678118954357
Pedro Filipe Rego,0.3185490941601474
Pedro Gil Ferreira Da Silva,0.29394266323424034
Pedro Martinez,0.2563043036838661
Pere Garriga Cazorla,0.6751914209958702
Peter Keller,0.222788378807882
Peter Lizak,0.1188411677450715
Peter Prohaszka,0.2103334683645579
Peter Roberson,0.6991847551372675
Peter Sadilek,0.28814521768879453
Peter Svidler,0.2879268471545221
Petr Matyukov,0.7895965035268445
Petro Golubka,0.4163766466530531
Phileas Mathieu,0.4915833205415576
Philipp Sonnenschein,0.6867573998286145
Phuong Hanh Luong,0.4155789436666395
Piero Mazzilli,0.08753703837874245
Pierre Barbot,0.6677582909870753
Pierre Villegas,0.468607782136272
Piotr Brodowski,0.6192064535289623
Piotr Brzezina,0.3407721962597575
Piotr Dobrowolski,0.10819135501944703
Piotr Kejna,0.7242660219304031
Piotr Lopusiewicz,0.2555681619569147
Piotr Piesik,0.305912394923721
Piotrek Mickiewicz,0.50188708282747
Plamen Stefanov,0.28579464434966234
Polina A Smirnova,0.13894422649798815
Polina Gutkovich,0.7240032907884062
Polina Shuvalova,0.44705898849934045
Pouria Darini,0.04579289515011282
Pouya Idani,0.08482563885636504
Praggnanandhaa Rameshbabu,0.7269612485615944
Pranav Anand,0.9677889084218165
Pranav Senthilkumar,0.7468738671627275
Pranav V,0.8304522730959268
Pranesh M,0.9295358097759013
Praveen Balakrishnan,0.49533935162999726
Prithu Gupta,0.5238501725044116
Priyansh Garg,0.46025109721118473
Prraneeth Vuppala,0.4615354907309637
Przemyslaw Koc,0.6507177216264363
Punin Andrii,0.32648707510890795
Qi Pang,0.40100304286125993
Qianyun Gong,0.9302018864810101
Qingyu Yuan,0.39753418429482396
Quiet_Desperation,0.7159970385020789
Quoc Hy Nguyen,0.3253292064757758
RICHARD POLACZEK,0.5743818021489819
Raahul V S,0.4671184368784245
Rachid Schrik,0.45386483035987774
Radmila Kovacevic,0.5580690476286295
Radoslaw Szczepanek,0.7920697237445612
Radosław Dzierżak,0.1615425979049187
Rafael Leitao,0.3141329202395221
Rafael Merino García,0.6902555345383037
Rafael Miranda,0.34236182093451734
Rafael Teixeira,0.8519636878469523
Rafael Vahanyan,0.11684527220523078
Rafael Ventura dos Santos,0.5254832874287426
Rafail Antoniou,0.3422436407513993
Rafal Szyszylo,0.8830673061298185
Rafał Lewandowski,0.6043658650619739
Rafał Tymrakiewicz,0.2670912747383065
Raja Rithvik R,0.34632428280054856
Rakesh Kulkarni,0.4032657319482203
Ralph Federick Tan,0.6541703882160244
Ramil Faizrakhmanov,0.3334710782635782
Ramiro Corona Monraz,0.6506745000625206
Ramon Jr. Manon-og,0.8270853116105954
Ramyres Santana Coelho,0.7943747486443449
Randal Ferguson,0.6393953845054632
Ranesh Ratnesan,0.8434004704918273
Ranindu Dilshan Liyanage,0.8991629226081959
Raphael Alonso,0.5273388845347886
Raphael Lagunow,0.3988625165426455
Raphael Mayaud,0.08170193271449805
Raset Ziatdinov,0.7284144015207005
Rashad Zeynalli,0.08682604895983476
Rasmus Skytte,0.4541072873686667
Rasmus Svane,0.09177777543916678
Rastko Svicevic,0.4664569400841578
Ratko Novak,0.5630686014421289
Raunak Sadhwani,0.3166864808924275
Ravan Aliyev,0.4060027469155985
Raven Sturt,0.6733614168739396
Raymond Gao,0.329031456947895
Raymond Kaufman,0.41262414325290564
Razvan Preotu,0.21252035668862845
Read Samadov,0.5581029659392251
Rebeca Garcia Hernandez,0.6175331381743814
Rebeca Jiménez Fernández,0.8373294858269332
Reem Sherman,0.8981966553106651
Regita Desyari Putri,0.6470189242755999
Reinis Paikens,0.9310533180455891
Remy Rushbrooke,0.2579657312702004
Renato Quintiliano,0.4699666207167903
Renato Terry,0.22626625783540316
Rene Humberto Perera Alfonso,0.790384544565763
Rene' Phillips,0.4043514472287065
Renzo Jhonathan Rengifo Blancas,0.5011339852096757
Reza Mahdavi,0.7590417881072332
Rian Kapriaga,0.5117550719834945
Ribeiro Domingues Ribeiro,0.32982820997505086
Ricardo D Darruda,0.21483545363564413
Ricardo Maruchi Desideri,0.783908330290001
Richard Bethke,0.8218943792639634
Richard Persson,0.2524620993315497
Richard Pert,0.6240440483940248
Richard Stalmach,0.7757148093917271
Richard Vedder,0.8253818661454732
Richard Yi,0.6329079837158165
Rick Frischmann,0.5123860812690684
Rick GC,0.737209712681356
Rinat Jumabayev,0.3740222171392173
Rishabh Chandrashekhar Gokhale,0.8324957961116303
Robby Kevlishvili,0.7481428241138921
Robert Aloma,0.5290089931040973
Robert Baskin,0.1494872787729921
Robert Díaz Villagrán,0.48615237785599896
Robert Gabriel,0.13400570877266732
Robert Hungaski,0.3273604532102438
Robert Kula,0.800550313110367
Robert L. Hess,0.6192235063689443
Robert Mcligeyo,0.43996914021833183
Robert Piliposyan,0.5173773571373614
Robert Ramirez,0.7217212585654461
Robert Safin,0.24530920201830897
Robert Sava,0.44915190822576817
Roberto Al Avila Bautista,0.5798992994167971
Roberto Carlos Gomez Ledo,0.12784159818343283
Roberto De Abreu,0.5196439152705895
Roberto Junio Brito Molina,0.13158280898177294
Roberto Martin del Campo,0.4901176907156478
Robinson Perez,0.3991030662984792
Rodion Radzhabov,0.09782153575654746
Rodolfos Stamatiou,0.5801697952900832
Rodrigo Espinoza Villanueva,0.9760618402765177
Rodrigo Mendoza Acuna,0.491047370264128
Rodrigo Román,0.4921827965568138
Rodrigo Vasquez,0.6141941031089136
Rogerio Paulo Muller Fernandes,0.5497854713139084
Rohan Rajaram,0.7498450427666834
Rohit S,0.7280306784482218
Rohith Krishna,0.9721075816045625
Rohun Trakru,0.2956743996235736
Roman Dehtiarov,0.531116428720665
Roman Ganzhurov,0.9374197441605666
Roman Gavrilin,0.7302451124760425
Roman Goldin,0.744932673575841
Roman Jiganchine,0.124648083714935
Roman Kezin,0.5910885155365473
Roman Komov,0.26126442408345246
Roman Kozelov,0.5353314848449401
Roman Kuzmin,0.7537862159974924
Roman Novoselov,0.9266990402378393
Roman Ovetchkin,0.17593229791130968
Roman Pyrih,0.679770154006096
Roman Shogdzhiev,0.4969826152087231
Roman Shton,0.38191543562134356
Roman Tomaszewski,0.48963965951183974
Roman Yanchenko,0.11124559322101409
Ronaldo Alonso Moreira,0.2913039289700704
Ronan Le Goff,0.5290480663904441
Rosh Jain,0.9044143280611012
Roshan Sethuraman,0.6933527773651603
Roven Vogel,0.25326799179976145
Roza Idrisova,0.18524954852727613
Ruben Akhayan,0.3949659741071403
Ruben Gideon Köllner,0.21409018264082977
Rubens Gazineu,0.4571446298359801
Rubén Domingo Núñez,0.7800503045979941
Rudi Olenik Campa,0.9073921505929077
Rudik Makarian,0.21612964817345412
RupeshReddyY,0.7514880409644404
Rushan Bogaudinov,0.35100328416744414
Ruslan Gnechko,0.894695419148276
Ruslan Kashtanov,0.4769625563632597
Ruslan Kavyev,0.5938007370736172
Ruslan Momunaliev,0.8518998471598171
Rustam Khusnutdinov,0.08138582459588646
Rustam Rustamov,0.12069994769961753
Rustem Gorbenko,0.40354724343261383
Ryan Amburgy,0.24776899094117127
Ryan Hamley,0.841270709249198
Ryo Chen,0.5385841114708618
Rômulo Cardoso,0.7096808956818524
S R,0.6895466041902654
S.L. Narayanan,0.49250678097355466
SALVA-DALI,0.6823867196649774
SHAPIRO VIKTOR,0.4444178050460478
Saadat Bashirli,0.7881975446480298
Sabir Umarov,0.36945738903825137
Sabrina Vega,0.58317388091804
Safin Safarullakhan,0.917717316570065
Sahaj Grover,0.3719133869870153
Sahebali Atanejhad,0.25583383140054533
Sahib Singh,0.612970537544311
Sahil Tickoo,0.10389644934349862
Sai Krishna G V,0.8172562182282237
Sai Nirupama Kotepalli,0.7961477666001452
Saidakbar Saydaliev,0.7543023691423005
Sakshi Chitlange,0.6092641326657499
Salem AR Saleh,0.5955886017715978
Salomeja Zaksaite,0.4835401768991935
Sam Schmakel,0.6662686213029979
Sam Sevian,0.7303377818909482
Sam Shankland,0.025995781733735242
Sambit Panda,0.6857869604366871
Sameer Mujumdar,0.5934203623331706
Sammed Shete,0.8385144076775555
Samuel Fieberg,0.4314960264362152
Samuel Jesus P Goncalves,0.15776661194581748
Samuel Malka,0.4058050402822536
Samuel Zenelaj,0.2339828154065934
SamuelGhimpu2003,0.5637034228986101
Samvel Ter-Sahakyan,0.1946905595283466
San Thit Lwin,0.5665643172426157
Sanan Sjugirov,0.5766007543442433
Sandi Stojanovski,0.15463606075030745
Santiago  Rodriguez,0.4902540217925659
Santiago Avila Pavas,0.501692448556916
Santiago Guevara,0.8564112678648785
Santiago Quiñones García,0.6561548436450206
Sarah Sima Derlich,0.8584112860251908
Saravana Krishnan P,0.7005764980316606
Sargis Manukyan,0.5166271902653593
Sargis Sargissyan,0.22756750271116472
Sarp Sahin,0.863374465512704
Sarveshwaran V,0.9312802354154884
Sasvatha A,0.5653505941201356
Satbek Akhmedinov,0.35801830576309807
Sathvik Adiga,0.7340591463368121
Satria Duta Cahaya,0.8251400737425673
Savitha Shri B,0.9045475519481088
Savva Vetokhin,0.7417487072355244
Sayed Javad Alavi,0.3169455834121785
Sean Senft,0.5499530796061924
Sebasti&aacute;n Mar&iacute;n,0.47910536255998853
Sebastian  Zsombor Peczely,0.5182575309757477
Sebastian Bazzano,0.4729110075529476
Sebastian Mihajlov,0.9626113076374709
Sebastian Półtorak,0.44285444433333526
Sebastien Azar,0.6130208316937311
Sebastien Maze,0.08409745082141887
Semen Kazmin,0.5886956943368544
Semen Khanin,0.4333572146031618
Semen Mitusov,0.7105906403051877
Semen Novozhilov,0.7730950804759867
Semetey Tologontegin,0.817823406305954
Semyon Puzyrevsky,0.6381677576835945
Senthil Maran,0.14129762822658742
Seo Jungmin,0.3263341512616618
Serafin Moral Garcia,0.26641977022806873
Serban Cristian,0.39599017744836934
Serdar Murat Yildiz,0.3639368464360202
Sergei Iskusnyh,0.27434955023833985
Sergei Ljukin,0.588571409185492
Sergei Lobanov,0.708402752846675
Sergei Mihajlovskij,0.5765803089380542
Sergei Zhigalko,0.5007555303158346
Sergey Drygalov,0.5539756766436965
Sergey Grigoriants,0.19269122441462075
Sergey Nefedov,0.18337538980672738
Sergey Rodchenkov,0.9163867365405103
Sergey Sergienko,0.4449623295792772
Sergey Shipov,0.3810317813630378
Sergey Shtyka,0.4442220019299121
Sergey Sklokin,0.4544558844091866
Sergey Slugin,0.7283123494709167
Serghei Gostev,0.2878188948934269
Sergio Barrientos Chavarria,0.8955065755094138
Sergio Hernández Leon,0.7565721828760626
Sergio Joshafatt Morales Garcia,0.35130587059375823
Sergiy Zavgorodniy,0.4776696322827032
Serhan Berat Özdemir,0.06564513893844022
Sethuraman S.P,0.3634561203783492
Setu Madhav Yellumahanthi,0.39179260062370946
Seyed Abolfazl Moosavifar,0.5903398371237039
Seyed Kian Ghoreishi Amiri,0.6945270628661246
Seyed Poormosavi,0.619354651567023
Shaaketh Sivakumar,0.5750066908241257
Shaashwath Sivakumar,0.7519466607954663
Shahdad Teimouri Yadkuri,0.6658255663650324
Shahruh Turayev,0.6251566058748526
Shakhriyar Mamedyarov,0.18547891136593603
Shamil Arslanov,0.7274188337923853
Shamsiddin Vokhidov,0.23548466384053351
Shane Melaugh,0.7145991349804988
Shanmukha Meruga,0.6915865639044908
Shant Sargsyan,0.1465039380627109
Sharapov Evgeny,0.09598761480530213
Sharath Radhakrishnan,0.21291523677257995
Sharvesh Deviprasath,0.7707924762144881
Shawn Martinez,0.7742601631272461
Shawn Rodrigue-Lemieux,0.8415469687563656
Sherif Khater,0.6745314364205666
ShimanovAlex,0.34408092629967635
Shiyam Thavandiran,0.6273908556020203
Sho Glashausser,0.34981961471194417
Shreyas Royal,0.9747114447969562
Shubh Laddha,0.5699972583775752
Shubhi Gupta,0.8534151588407919
Shukhrat Makhmudov,0.4724544375262025
Shyaamnikhil P,0.14550767094951736
Shyam Gandhi,0.3019391202441944
Siar Yaran,0.25856779669127794
Siem van Dael,0.3939358712375681
Sihan Tao,0.21347222628043103
Silvius Tiberius,0.7419232009037
Simao Poscidonio Dias,0.782043306549309
Simeon Todev,0.5094850269924172
Simon Lamaze,0.38963716330611325
Simon Williams,0.6965356560823371
Sina Movahed,0.9681852416697666
SirMittensofMittensville,0.5585584673026085
Siva Mahadevan,0.9179972527155199
Sivanesan Nithyalakshmi,0.8815254607958749
Skat2704,0.508429121609328
Slaven Pastar,0.3334728845224079
Slobodan Filipovic,0.47571688863896294
Sofia Blokhin,0.9487323742399921
Sofia Pogorelskikh,0.5473027697079889
Sofiia Hryzlova,0.9031325976936897
Soham Kamotra,0.15496097211050114
Soltan Muradov,0.7944809782386193
Sondre Melaa,0.31364666842177585
Soren Bech Hansen,0.1366671852528347
Sourath Biswas,0.48833733117893346
Sravan Renjith,0.7881331110054703
Sreyas Payyappat,0.758455074376385
Sricharan Pullela,0.7638918645402645
Srihari L,0.9096326970845613
Srihari L R,0.3003950546837652
Srinath Narayanan,0.7329814063972184
Sriram Krishnakumar,0.26669209440357966
Srishti Pandey,0.8625466907995184
Srivastan Karthikeyan,0.30127363589361084
Stamatis Kourkoulos-Arditis,0.11530065932008557
Stanislav Bukreev,0.24095530831313328
Stanislav Kovalevsky,0.6424308649290931
Stanislav Tsyhanchuk,0.8902172676141653
Stanisław Osiecki,0.5289390915803668
Stanley Badacsonyi,0.6459687649173629
Stanoje Jovic,0.5541934314565695
Stefan Eilers,0.349875419631724
Stefan Mladenovic,0.6332198556494063
Stefanos Kazantzoglou,0.3850544754718262
Stelios Halkias,0.5710256573043646
Stepan Osinovsky,0.4274682509198972
Stephan Becking,0.16683269074112153
Stephen Capp,0.7398601696770661
Stephen Willy,0.651070924530672
Steve Harrington,0.6206166749016422
Steven Cooklev,0.4355407329647206
Steven Javier Rojas Salas,0.49885083893702936
Steven Zierk,0.31975493561137214
Stöttner Lukas,0.8046212504207642
Sujana Lohani,0.6665920532121585
Suleyman Suleymanlı,0.2859183908424098
Sully McConnell,0.6001209277803193
Sultai Chyngyz,0.9125648765235909
Sultanbeibarys Dumanuly,0.5232658240463012
Sune Berg Hansen,0.4577929137381284
Supratit Banerjee,0.5818036659059487
Suresh Harsh,0.38578406939166526
Susanna Gaboyan,0.49426169402543624
Suvradeepta Das,0.5020054444267734
Suvrajit Saha,0.4471403278260927
Suyog Wagh,0.9767551107243808
Sven Tica,0.537862212957896
Svetlana Vifleemskaia,0.06813150999989397
Svyatoslav Korneev Leskova,0.6590250650120305
Svyatoslav Lisenkov,0.4205934776720799
Swara Lakshmi Nair,0.6890515088358207
Sweafty,0.6745522582706555
Szymon Gumularz,0.5591480996952931
Sébastien Bouchet,0.5631092182273977
Símon Þórhallsson,0.3058299649546516
Sławomir Kurpiewski,0.6901250721482947
Sơn Đặng,0.6254743752926386
Tabaré Bustelo,0.7415690150859955
Tahsin Tajwar Zia,0.3097630556031645
Talaibek Osmonbekov,0.6759431938403383
Talibov Shiroghlan,0.7170618055955247
Tamas Banusz,0.07074745593691975
Tamas-Kristof Balla,0.8853263415803166
Tamaz Mgeladze,0.4351662337390317
Tangi Migot,0.7594589543539583
Tanitoluwa Adewumi,0.3964823960530276
Tanraj Sohal,0.9134047253533046
Tarasova Viktoriya,0.7374466996419994
Tarini Goyal,0.4728986866995193
Tarun Kanyamarala,0.3956292757334245
Tatev Abrahamyan,0.8103109874645463
Tatiana Bogumil,0.35766589595489057
TatjanaVasilevich,0.7621827574788889
Tehni4arce,0.3628882153494123
Teimur Toktomushev,0.25208660329745475
Tejas Rama,0.3101137050427476
Teodora Injac,0.6112570182402695
Terry Luo,0.4682332078485378
ThaKanielOutis,0.08903017579624554
Tharushi T.H.D. Niklesha,0.7086310269855179
The_filthy,0.8617926597308561
Theo Bressy,0.18964399516181182
Theodore Slade,0.38086452933036946
Thomas Bauer,0.9169261215410245
Thomas Beerdsen,0.8387953300403057
Thomas Carroll,0.40217345292956985
Thomas Christensen,0.5559075999665358
Thomas Decker,0.5766815666779603
Thomas Diem,0.6541498763736324
Thomas Eggleston,0.821280343610964
Thomas Kahlert,0.15587640788741072
Thomas Michalczak,0.5330554783080717
Thomas Rendle,0.5773578827127454
Thomas Thiel,0.33317709650052885
Thore Perske,0.32325464108482044
Tiago Batista Oliveira,0.5514994616597559
Tiago Carvalho Mangialardo,0.527305137348385
Tiago Cunha Navarro,0.43684184521261055
Tigran Mukhutdinov,0.2174142433997294
Tigran Nazaretyan,0.46806231242337876
Tihomir Yanev,0.5445134940099866
Tikhon Popov,0.782019164129068
Tikhonov Viacheslav,0.35758652619165765
Tim Grutter,0.465370982868709
Tim Kett,0.48373422271517014
Timofey Iljin,0.8996786983539847
Timofey Smirnov,0.5910286497932506
Timur Gareyev,0.5006513707183323
Timur Kocharin,0.44271231673697714
Timur Yonal,0.6280015181940043
Tobias Kölle,0.7599582072629694
Tobias Lang Nilsen,0.6831972943316196
Tobias Rizzo,0.8337849416470065
Tobias Voege,0.6503271044397413
Todd Andrews,0.7907671294864638
Todd Bryant,0.7380538748067998
Tom Decuigniere,0.08807717777142292
Tom O'Gorman,0.4211061401822523
Tomas Kraus,0.39635745840762404
Tomas Laurusas,0.8111788635353709
Tomasz Jaskolka,0.519282922143559
Tomasz Mika,0.3538997693934281
Tommi Luukkonen,0.8607773328424975
Tomáš Vaněk,0.792316263882998
Tor Fredrik Kaasen,0.551348942077688
Torben Søraas,0.5516568145216981
Trisha Kanyamarala,0.7596849354454738
Tsvetan Stoyanov,0.8324414748771529
Tuan Minh Le,0.3183702149379285
Tudor Henry Edward,0.8067129560759669
Tuna Özateş,0.9187067799542611
Tunahan Makaraci,0.20484890616141388
Turkan Mamedjarova,0.818193422130971
Tyhran Ambartsumian,0.25531867039971967
Tykhon Cherniaiev,0.23468694516120828
Tyler Tanaka,0.2249970316128483
Tymon Ochedzan,0.7855691622787846
Tymur Keleberda,0.5838023896092387
Tyrell Harriott,0.8817776492340628
UKR_Master,0.6066038802685754
Ufuk Sezen Arat,0.434002534921477
Ugur Doga Yazici,0.12482243688162116
Uliana Dudkina,0.9623253303017293
Ulises Hernández Bermúdez,0.6962329906079278
Ulrich Zimmermann,0.8718395473640438
Umid Aslanov,0.8188537405946734
Umut Erdem Gündüz,0.8957747208465416
Unknown_IM,0.6136829203555709
Uurtsaikh Agibileg,0.5146703187831998
Uwe Kleibel,0.43538065830261613
Vache Hovakimyan,0.4167985551506737
Vaclav Finek,0.12910880949712508
Vadim Bobkov,0.4172023950002153
Vadym Petrovskyi,0.9581458608439833
Vahan Nalbandyan,0.18489203914970972
Vahap Sanal,0.5600341035706096
Vahe Baghdasaryan,0.6807828161412269
Vahe Danielyan,0.42972317234527224
Vaibhav Raut,0.5902365855332319
Vaishali R,0.4721898317037613
Valdis Troņenkovs,0.4998111821168596
Valentin Dragnev,0.6470134833394116
Valentina Golubenko,0.8026980735060529
Valentina Gunina,0.7488926987265228
Valentyn Hulka,0.2694636208518143
Valentyn Prokofiev,0.8685227627812179
Valeria Viana,0.8195701045095077
Valerie Ruchinskaya,0.44339860085227445
Valerio Carnicelli,0.4527945634430822
Valeriy Grinev,0.5811341810166981
Valery Kazakouski,0.39312785049642
Valery Skatchkov,0.5496082691499649
Valiantsin Yezhel,0.32709393506177686
Vantika Agrawal,0.6954311429927327
Vardan Danielian,0.20674728335140022
Varun Krishnan,0.7167036671869514
Varuzhan Akobian,0.022153260711862043
Vasif Durarbayli,0.6430298781981899
Vasil Trickov,0.07067423955291828
Vasilii Titarov,0.42925456565175396
Vasiliy Korchmar,0.7764747834128906
Vasily Volovich,0.11179209904519424
Veaceslav Slovineanu,0.13299102296652934
Vedant Goswami,0.3269463744548154
Vedant Nitin Vekhande,0.7434312056721037
Vedant Panesar,0.4420881580551427
Velimir Ivic,0.8123619633924077
Veronika Minina,0.7020332897437729
Veronika Shubenkova,0.920565280833215
Viachaslau Zarubitski,0.12394068936439986
Viacheslav Mikhailov,0.5046685270854903
Viacheslav Rozhkov,0.6567620261821111
Victor Bologan,0.4313870449811983
Victor Labussiere,0.9310580930209802
Victor Mikhalevski,0.26060713857375467
Vidar Grahn,0.21516727372495667
Vidit Gujrathi,0.36429224691915363
Vignesh N.R,0.033172413377804244
Vignir Vatnar Stefansson,0.2829687175059396
Vihaan Jammalamadaka,0.7950529096873248
Viktor Berezin,0.9166749349660895
Viktor Dmitrenko,0.35408607460865327
Viktor Ianov,0.5592733099887821
Viktor Neustroev,0.5817923388470637
Viktor Parfenov,0.10751188965141885
Viktor Poddubnyi,0.6842160035636177
Viktor Romanchuk,0.09405356889317032
Viktor Skliarov,0.23686543899348672
Vilka Sipilä,0.7436547246267301
Vilmos Balint,0.7084825010789908
Vince Gergő Turcsányi,0.8862081074210636
Vincent Keymer,0.11690825391945918
Vincent Riff,0.3766303180610301
Vinicius Tiné Martins,0.5044528667406263
Vinzent Spitzl,0.27976913963728084
Visakh NR,0.0698785655545182
Vitaliy Bernadskiy,0.5116625971395241
Vitaliy Garbuz,0.3182745727037422
Vitaly Rodchenkov,0.5014231360942295
Vitaly Teterev,0.24851543751102295
Vitor Ferreira,0.8879161764780491
Vitorio Chemin,0.3599691952101353
Vittorio Cinà,0.8394387863710637
Vitus Bondo Medhus,0.7562202961219412
Vivaan Vishal Shah,0.46003490175856737
Vjacheslav Weetik,0.4545990065733635
Vlad Lymar,0.5674698657575422
Vlada Sviridova,0.5944246932590406
Vladimir Belous,0.48103743589151815
Vladimir Bugayev,0.6304854313373702
Vladimir Burmakin,0.2101794312822563
Vladimir Bychkov,0.45524117229200833
Vladimir Chernikov,0.6417856784365856
Vladimir Damjanovic,0.23904215321876934
Vladimir Demin,0.4587925459586918
Vladimir Dobrov,0.7043343059209016
Vladimir Fedoseev,0.4285088428523891
Vladimir Grabinsky,0.49575990063025194
Vladimir Hamitevici,0.11188886919878076
Vladimir Mikhailovsky,0.8210656718213352
Vladimir Sakun,0.2025165990223759
Vladimir Seliverstov,0.5431333621586185
Vladimir Zakhartsov,0.2886260884011313
Vladimir Zemerov,0.43433956150532393
VladimirKramnik,0.03703807235609565
Vladimír Bochnička,0.5928721233146764
Vladislav Artemiev,0.038644953671578164
Vladislav Efremov,0.534895217063326
Vladislav Gontcharov,0.4460482248635646
Vladislav Kovalev,0.0378403783733834
Vladislav Voitovich,0.3415409977926273
Vladyslav Baziuk,0.6998981071989216
Vladyslav Sydoryka,0.3950663885780196
Vo Quoc Bao Tran,0.5580436528983612
Vojislav Milanovic,0.4192013915700709
Vojtěch Plát,0.0477710275765319
Volen Dyulgerov,0.8035966357826438
Volkan Yirik,0.6624047247835467
Volodar Murzin,0.1489544864232545
Volodya Torosyan,0.8726284355864626
Volodymyr Onyshchuk,0.33277440150163123
Volodymyr Vetoshko,0.2753974562942877
Volodymyr Vusatiuk,0.7944151343065389
Volodymyr Yaniuk,0.21651844221611843
Vsevolod Ovchinnikov,0.18338423523063618
Vsevolod Rytenko,0.23177582591145712
Vugar Manafov,0.6100806897560245
Vugar Rasulov,0.1982832739597317
Vuk Damjanovic,0.1014089223569479
Vuk Djordjevic,0.36381305613261183
Wagner Guimarães,0.4035348945318127
Walter Cuevas Araya,0.36810762011694775
Wanderlei Lukachewski Junior,0.10937972314044064
Ward Al-Tarboush,0.684409224762467
Wellington Albuquerque Jr.,0.22565416133159655
Wesley So,0.2501007137211784
Wiktoria Śmietańska,0.7447361262767433
Wilfredo Sariego Figueredo,0.5216422198332674
Willi Skibbe,0.30321339856050056
William Alfaro Caracas,0.3390536867229916
William Coe,0.593457521202155
William Ferreira Da Cruz,0.3050745993516627
William Graif,0.3491226752258123
William Hernandez Gonzalez,0.6649351908737857
William Olsson,0.7315309996041008
Wilson Morales,0.4477738844819615
Witold Klepek,0.38415795325840923
Wladimir Zampronha,0.461999986938843
Wojciech Przybylski,0.43458452446518103
Wojciech Śmieszek,0.7610415614802122
WonderChampion,0.8145984768852801
Wouter Terlouw,0.2862756949079813
Xavier Martinez Pla,0.9172055424321037
Xeniya Balabayeva,0.8990065134844224
Xiaobing Gu,0.8015013718279448
Xu Yi,0.5608420337361256
Yaacov Norowitz,0.11373584700118947
Yagiz Kaan Erdogmus,0.4382311774034842
Yago Labussiere,0.27906192504567295
Yahli Sokolovsky,0.4838094810777596
Yair Parkhov,0.2097819409222259
"Yang, Kaiqi",0.4378485410227858
Yaroslav Demchenko,0.44162808443021745
Yaroslav Remizov,0.4663298958723726
Yaroslav Shevchenko,0.39327322488472816
Yasin Emrah Yagiz,0.4470030395845977
Yelfry Torres,0.8924147734062731
Yelyzaveta Hrebenshchykova,0.7302495967447656
Yevhenii Yelisieiev,0.34795594292938503
Yichen Han,0.35726963144740387
Yidong Chen,0.6096369675023341
Yilin Li,0.4957191255944801
Yinn Long Wong,0.5044568888155287
Yoav Milikow,0.5766795850026375
Yoel Estarling Polanco Nunez,0.5002339676293971
Yotam Shohat,0.3673481387285258
Yovann Gatineau,0.29182237925477356
Yudel Romero Arzuaga,0.5040883825342145
Yulia Efremova,0.7781645734712714
Yuliia Osmak,0.47671632648805184
Yuniesky Quesada,0.683874600406787
Yuri Kozin,0.7034666914236514
Yuri Zhizmer,0.22176928225694623
Yurii Khodko,0.49110600472904214
Yuriy Dovzik,0.5695838519119769
Yuriy Kuzubov,0.2290696445041621
Yvain Bruned,0.24677022079732236
ZAHAR HILKEVICH,0.2830144261430689
Zacarias M Ruben D,0.5835905686952274
Zachary Calderon,0.32247749328513253
Zachary Liu,0.8806853210648263
Zachary Tanenbaum,0.7270425286060649
Zahar Efimenko,0.357293832997308
Zala Urh,0.7689299067489903
Zane Nasir,0.21465173320492137
Zarikovs1999,0.524806072931698
Zarina Nurgaliyeva,0.518590016683488
Zarina Shafigullina,0.5556086951656086
Zaur Mammadov,0.483222313112093
Zaur Tekeyev,0.23949759274415267
Zbigniew Pakleza,0.12565537809090097
Zeinep Sultanbek,0.6170745233343938
Zhamsaran Tsydypov,0.8416660087975902
Zhanibek Amanov,0.20662803882930958
Zhaoqi Liu,0.8414250178306307
Zhongyi Tan,0.6139723538643451
Zlatko Lisjak,0.7014294096576071
Zmiyevik2200,0.20519079903051546
Zoey Tang,0.7613427461283222
Zoran Velickovic,0.3960626170071926
Zou Chen,0.5114696782286242
Zozek Salah Mohammed Mohammed,0.49234022675293804
Zsigmond Szajbely,0.22323646201278144
Zsoka Gaal,0.5926813076247023
Zsolt Korpics,0.5366474494539484
Zurab Javakhadze,0.6816133131942264
Zurab Tqebuchava,0.3437733788379982
Zviad Izoria,0.05669097340547887
abelmat,0.8918684271063896
anon102030,0.6421894830117727
anon219,0.23674917353184868
anon481216,0.29766142836784115
anon569,0.6915118282766638
anon6121824,0.7719199916447175
anushurvan graf,0.507995740984726
asghar golizadeh,0.6015301506894539
bait_or_mate,0.2642856071578028
barte bongo,0.7318121698541803
boris abrashkin,0.7513016484846237
bratkoo,0.8593825925730887
broskolis,0.4913258100417397
buddika amarasinghe,0.6520992304775333
c_r_e_e_p_e_r,0.9190708009158579
champ2005,0.36650339854277203
edison ruge,0.7007080177020363
elamier fathy,0.24616471514449131
esapunov,0.7186629937461847
freshfoodcompany,0.36102674871761553
goofypenguin96,0.3826005080953451
hermionegrangermagic,0.7805219150988746
infinitegiantkiller,0.32408785205434143
kamran SHIRAZI,0.6911342526679152
khoipham,0.8952619236118167
kirillshevchenko,0.5075608200828013
londonkid,0.5391348578153644
malakismayil,0.6001133900078361
mapleaff,0.4045847749182673
mattcolins2025,0.7949952313751723
mauro vargas,0.727336643160653
moshe katzir,0.6225777421432253
natelleka,0.26446467272917307
paradise10,0.7222788030851367
parintele_chess,0.4408515434902352
patzer-reloaded,0.2406336820210493
pawel jaracz,0.569214651969796
realmadridtv,0.3457403400666478
samarth Rao 1664 Leavud Rating,0.796449043277513
sau6on,0.532199153438854
scandalgod,0.48336194639214086
shakked tifferet,0.527556581708397
sofiko tereladze,0.45460109928823994
starplatinum2030,0.5275927955902644
thechesscorner 64,0.8736354624833169
thisunaa,0.8237535722836175
vesal hamedi nia,0.9546582801454685
winniethepooh04,0.9026548001639483
x-0147207515,0.5251135994671361
x-0618534659,0.7875517972722664
x-3704738925,0.07662826349794942
x-3738459472,0.5035188732442892
x-5963514717,0.4323331954541584
x-8127726737,0.2031543601769404
x-9960558865,0.7453198536379754
yaguigor,0.12840550633765563
zbigniew wieczorek,0.5907237980164242
Ágoston Juhász,0.5372098721654858
Álvaro Valdés,0.5790572521206803
Ömer Faruk Özer,0.6367096963151131
İlhan Serhat Salman,0.5157174993408918
Łukasz Licznerski,0.286579120296592
Štěpán Hrbek,0.5954237019318966
Аrtеm Odеgоv,0.48508106893194436
Азат Габдрахманов,0.910877867424358
Александр Брюхович,0.9113861698190157
Алексей Мокшанов,0.2972785471671003
Андрей Хромкин,0.35017205525867484
Артём Синявский,0.5170053926593865
Валерий Свиридов,0.15594894426749878
Варвара Полякова,0.428633208050096
Владимир Матвеев,0.7088556822566205
Володимир Михальський,0.48774761243374953
Гор Глиджян,0.21023725594543224
Григорий Гусаров,0.38702220254975495
Гульдона Каримова,0.36934649426468524
Гурвич Виталий,0.6445779121170288
Даниил Постников,0.7578244247839574
Данил Найдин,0.5689663888576987
Денис Денисенко,0.26768407013695
Димитрий Король,0.45887775528999625
Евгений Бурмакин,0.664891411771322
Екатерина Кабанова,0.7718719072520671
Игорь Князев,0.4203315472133595
Илья Дерябин,0.42443469924936794
Илья Чеклецов,0.4828987772118406
Максим Матюнин,0.8171563366772936
Максим Щекачихин,0.2637029775976683
Маргарита Филиппова,0.2744813989684767
Матфей,0.7672322336050296
Матфей Юрасов,0.7764156428014095
Микола Боднар,0.5858782351537857
Михаил Экдышман,0.5692723402648893
Наталья Зайнуллина,0.5891436203386788
Нечитайло Нікіта,0.5326686706215422
Никита Довбня,0.7703105675839854
Никита Майоров,0.8181729422408692
Николай Гриценко,0.11632411764165378
Николай Оглоблин,0.14521559542211596
Николай Хныкин,0.8064720284243962
Олег Губанов,0.6207304057362132
Олег Кислов,0.39980996503491734
Павел Торопов,0.25927991519304017
Рамиль Садыков,0.2505734306195184
Рамиль Хасангатин,0.07872872176230103
Руслан Габдушев,0.5313581873215998
Руслан Пахомов,0.5661333926443106
Сергей Ярый,0.3002754650905559
Соловьев Александр,0.47451098895118404
Спартак Высочин,0.2037261574818921
Феликс Тульчинский,0.5590548998451472
Шубин Кирилл,0.6459015225271751
Эдуардо Гербелли Нето,0.43861897813317674
Эмир Шаршенбеков,0.7780051827381452
Яков Гинзбург,0.13522133951304047
Ян Дьомін,0.45658132216891484
אהרן בגראטיוני,0.7803309952069262
